train/rmse_step_1,train/mae_step_1,train/mape_step_1,train/loss,val/rmse_step_1,val/mae_step_1,val/mape_step_1,val/loss
1.7441648244857788,1.9389077425003052,364555.4375,0.26541754603385925,1.9006739854812622,2.139803171157837,180301.65625,0.3210316598415375
