train/rmse_step_1,train/mae_step_1,train/mape_step_1,train/rmse_step_2,train/mae_step_2,train/mape_step_2,train/rmse_step_3,train/mae_step_3,train/mape_step_3,train/rmse_step_4,train/mae_step_4,train/mape_step_4,train/rmse_step_5,train/mae_step_5,train/mape_step_5,train/rmse_step_6,train/mae_step_6,train/mape_step_6,train/loss,val/rmse_step_1,val/mae_step_1,val/mape_step_1,val/rmse_step_2,val/mae_step_2,val/mape_step_2,val/rmse_step_3,val/mae_step_3,val/mape_step_3,val/rmse_step_4,val/mae_step_4,val/mape_step_4,val/rmse_step_5,val/mae_step_5,val/mape_step_5,val/rmse_step_6,val/mae_step_6,val/mape_step_6,val/loss
1.4689573049545288,1.6221122741699219,255.39669799804688,2.134653329849243,2.3295273780822754,263.0918884277344,2.5650482177734375,2.836238145828247,331.7901916503906,3.260627031326294,3.6331043243408203,2164.2021484375,3.6001219749450684,4.03249454498291,457.5451354980469,4.00404691696167,4.424309730529785,669.6898803710938,4.539267539978027,1.693037986755371,1.8930799961090088,159631.65625,2.42512583732605,2.749945878982544,261785.3125,3.1484408378601074,3.6229066848754883,360276.9375,3.619751453399658,4.164019584655762,394265.5,3.9935190677642822,4.599097728729248,471992.5625,4.446950435638428,5.155432224273682,520886.1875,6.082186222076416
