train/rmse_step_1,train/mae_step_1,train/mape_step_1,train/rmse_step_2,train/mae_step_2,train/mape_step_2,train/rmse_step_3,train/mae_step_3,train/mape_step_3,train/rmse_step_4,train/mae_step_4,train/mape_step_4,train/rmse_step_5,train/mae_step_5,train/mape_step_5,train/rmse_step_6,train/mae_step_6,train/mape_step_6,train/loss,val/rmse_step_1,val/mae_step_1,val/mape_step_1,val/rmse_step_2,val/mae_step_2,val/mape_step_2,val/rmse_step_3,val/mae_step_3,val/mape_step_3,val/rmse_step_4,val/mae_step_4,val/mape_step_4,val/rmse_step_5,val/mae_step_5,val/mape_step_5,val/rmse_step_6,val/mae_step_6,val/mape_step_6,val/loss
1.5261924266815186,1.6474993228912354,491435.875,2.3602168560028076,2.5337517261505127,820866.0,3.243263006210327,3.535336494445801,931466.3125,4.023584365844727,4.419490337371826,1108035.875,4.26029109954834,4.68148136138916,1368769.75,4.598178386688232,5.049555778503418,1339956.5,6.251476764678955,1.586958408355713,1.7663524150848389,160185.9375,2.309159994125366,2.5933449268341064,220299.859375,2.9749972820281982,3.358254909515381,287071.75,3.540268659591675,4.01818323135376,270677.4375,4.035186767578125,4.624866008758545,306479.34375,4.287655830383301,4.920576572418213,360125.46875,5.737709999084473
