train/rmse_step_1,train/mae_step_1,train/mape_step_1,train/loss,val/rmse_step_1,val/mae_step_1,val/mape_step_1,val/loss
2.365476131439209,2.702632427215576,360799.46875,0.4820387065410614,2.1763899326324463,2.430403232574463,213413.6875,0.4158221483230591
