train/rmse_step_1,train/mae_step_1,train/mape_step_1,train/rmse_step_2,train/mae_step_2,train/mape_step_2,train/rmse_step_3,train/mae_step_3,train/mape_step_3,train/rmse_step_4,train/mae_step_4,train/mape_step_4,train/rmse_step_5,train/mae_step_5,train/mape_step_5,train/rmse_step_6,train/mae_step_6,train/mape_step_6,train/loss,val/rmse_step_1,val/mae_step_1,val/mape_step_1,val/rmse_step_2,val/mae_step_2,val/mape_step_2,val/rmse_step_3,val/mae_step_3,val/mape_step_3,val/rmse_step_4,val/mae_step_4,val/mape_step_4,val/rmse_step_5,val/mae_step_5,val/mape_step_5,val/rmse_step_6,val/mae_step_6,val/mape_step_6,val/loss
1.6867393255233765,1.772620439529419,419.242431640625,2.30196475982666,2.4818005561828613,270.0384216308594,2.922332525253296,3.149510383605957,415.0583801269531,3.2802493572235107,3.5890541076660156,430.5980224609375,3.5837411880493164,3.985879421234131,607.8411865234375,3.8050904273986816,4.253864288330078,641.564453125,4.741982460021973,1.6638593673706055,1.810732126235962,188384.375,2.23062801361084,2.4395909309387207,142697.71875,2.7840731143951416,3.0605404376983643,206805.0,3.223371982574463,3.5483851432800293,248827.953125,3.4772541522979736,3.86002779006958,276507.0,3.694491147994995,4.098031997680664,270646.78125,4.538517475128174
