train/rmse_step_1,train/mae_step_1,train/mape_step_1,train/loss,val/rmse_step_1,val/mae_step_1,val/mape_step_1,val/loss
3.503101348876953,3.953538417816162,400.9969177246094,1.0303722620010376,4.069203853607178,4.691098690032959,476222.625,1.3969677686691284
