train/rmse_step_1,train/mae_step_1,train/mape_step_1,train/loss,val/rmse_step_1,val/mae_step_1,val/mape_step_1,val/loss
4.0316572189331055,4.611011028289795,962.5450439453125,1.4553320407867432,3.2197093963623047,3.727224349975586,295090.40625,0.9210892915725708
