train/rmse_step_1,train/loss,val/rmse_step_1,val/loss
1.8463174104690552,3.4088878631591797,2.0822668075561523,4.533697605133057
