train/rmse_step_1,train/mae_step_1,train/mape_step_1,train/rmse_step_2,train/mae_step_2,train/mape_step_2,train/rmse_step_3,train/mae_step_3,train/mape_step_3,train/rmse_step_4,train/mae_step_4,train/mape_step_4,train/rmse_step_5,train/mae_step_5,train/mape_step_5,train/rmse_step_6,train/mae_step_6,train/mape_step_6,train/loss,val/rmse_step_1,val/mae_step_1,val/mape_step_1,val/rmse_step_2,val/mae_step_2,val/mape_step_2,val/rmse_step_3,val/mae_step_3,val/mape_step_3,val/rmse_step_4,val/mae_step_4,val/mape_step_4,val/rmse_step_5,val/mae_step_5,val/mape_step_5,val/rmse_step_6,val/mae_step_6,val/mape_step_6,val/loss
1.9071180820465088,2.1033706665039062,188.40383911132812,2.9672231674194336,3.282888412475586,321.8152160644531,3.8367841243743896,4.28347110748291,504.4159851074219,4.313006401062012,4.841273307800293,414.02777099609375,4.809408187866211,5.423348426818848,492.9964904785156,5.344295978546143,6.083310127258301,807.7794189453125,8.691238403320312,1.6846705675125122,1.8755425214767456,153032.765625,2.384993314743042,2.6777868270874023,200800.703125,3.031080961227417,3.420597553253174,223848.9375,3.5381386280059814,4.018923759460449,269283.46875,3.9486591815948486,4.517031669616699,279181.09375,4.212072849273682,4.811769962310791,280858.3125,5.703522682189941
