val/rmse_step_1,val/loss
4.046291351318359,16.374094009399414
