train/rmse_step_1,train/mae_step_1,train/mape_step_1,train/rmse_step_2,train/mae_step_2,train/mape_step_2,train/rmse_step_3,train/mae_step_3,train/mape_step_3,train/rmse_step_4,train/mae_step_4,train/mape_step_4,train/rmse_step_5,train/mae_step_5,train/mape_step_5,train/rmse_step_6,train/mae_step_6,train/mape_step_6,train/loss,val/rmse_step_1,val/mae_step_1,val/mape_step_1,val/rmse_step_2,val/mae_step_2,val/mape_step_2,val/rmse_step_3,val/mae_step_3,val/mape_step_3,val/rmse_step_4,val/mae_step_4,val/mape_step_4,val/rmse_step_5,val/mae_step_5,val/mape_step_5,val/rmse_step_6,val/mae_step_6,val/mape_step_6,val/loss
1.5885605812072754,1.7327601909637451,212.2080078125,2.367258310317993,2.5415468215942383,238.00302124023438,2.985146999359131,3.2437891960144043,383.41357421875,3.325333595275879,3.625082015991211,483.22882080078125,3.5818371772766113,3.92458176612854,335.0328369140625,3.747122049331665,4.095854759216309,590.2127075195312,4.726147651672363,1.6166576147079468,1.7947481870651245,132086.046875,2.5138046741485596,2.76332426071167,237991.625,3.3368008136749268,3.705503225326538,241566.34375,4.2081170082092285,4.762479782104492,288084.09375,4.321743011474609,4.876181602478027,346488.5625,4.504567623138428,5.066346645355225,386196.125,6.672520637512207
