train/rmse_step_1,train/mae_step_1,train/mape_step_1,train/loss,val/rmse_step_1,val/mae_step_1,val/mape_step_1,val/loss
1.7915674448013306,2.021930456161499,267.2216796875,0.2754545211791992,1.9203152656555176,2.1512041091918945,185828.421875,0.3224806785583496
