train/rmse_step_1,train/mae_step_1,train/mape_step_1,train/loss,val/rmse_step_1,val/mae_step_1,val/mape_step_1,val/loss
1.6538718938827515,1.7866909503936768,166023.828125,0.23369967937469482,1.751120924949646,1.9029381275177002,139726.1875,0.26448941230773926
