train/rmse_step_1,train/mae_step_1,train/mape_step_1,train/loss,val/rmse_step_1,val/mae_step_1,val/mape_step_1,val/loss
0.42401525378227234,0.4608318507671356,100.08123016357422,0.2541691064834595,0.6450835466384888,0.6717422604560852,inf,1.1702001094818115
