train/rmse_step_1,train/mae_step_1,train/mape_step_1,train/rmse_step_2,train/mae_step_2,train/mape_step_2,train/rmse_step_3,train/mae_step_3,train/mape_step_3,train/rmse_step_4,train/mae_step_4,train/mape_step_4,train/rmse_step_5,train/mae_step_5,train/mape_step_5,train/rmse_step_6,train/mae_step_6,train/mape_step_6,train/loss,val/rmse_step_1,val/mae_step_1,val/mape_step_1,val/rmse_step_2,val/mae_step_2,val/mape_step_2,val/rmse_step_3,val/mae_step_3,val/mape_step_3,val/rmse_step_4,val/mae_step_4,val/mape_step_4,val/rmse_step_5,val/mae_step_5,val/mape_step_5,val/rmse_step_6,val/mae_step_6,val/mape_step_6,val/loss
1.7926257848739624,1.9645946025848389,434768.21875,3.0238592624664307,3.431063175201416,651997.0625,4.128364562988281,4.819858551025391,1053561.0,5.311679840087891,6.317734718322754,1250888.625,5.664542198181152,6.7145771980285645,1561165.0,5.948963642120361,6.984871864318848,1526217.5,11.034037590026855,1.7294138669967651,1.924505352973938,147919.5,2.8084335327148438,3.1470730304718018,253732.296875,3.726426839828491,4.257425785064697,344739.03125,4.684100151062012,5.405137538909912,390471.90625,4.97835111618042,5.723481178283691,510199.53125,5.295538902282715,6.080827236175537,509129.21875,8.635478973388672
