train/rmse_step_1,train/mae_step_1,train/mape_step_1,train/rmse_step_2,train/mae_step_2,train/mape_step_2,train/rmse_step_3,train/mae_step_3,train/mape_step_3,train/rmse_step_4,train/mae_step_4,train/mape_step_4,train/rmse_step_5,train/mae_step_5,train/mape_step_5,train/rmse_step_6,train/mae_step_6,train/mape_step_6,train/loss,val/rmse_step_1,val/mae_step_1,val/mape_step_1,val/rmse_step_2,val/mae_step_2,val/mape_step_2,val/rmse_step_3,val/mae_step_3,val/mape_step_3,val/rmse_step_4,val/mae_step_4,val/mape_step_4,val/rmse_step_5,val/mae_step_5,val/mape_step_5,val/rmse_step_6,val/mae_step_6,val/mape_step_6,val/loss
1.4568986892700195,1.6122095584869385,422449.21875,2.033515691757202,2.314091682434082,589106.5625,2.824680805206299,3.30983304977417,671628.4375,3.5188019275665283,4.152158737182617,860326.75,3.9118494987487793,4.601320266723633,1114386.75,4.242690086364746,4.947954177856445,1211263.125,5.28743839263916,1.5223444700241089,1.672486662864685,151242.546875,2.224102735519409,2.433894634246826,182002.96875,2.810208797454834,3.0785539150238037,211967.875,3.288140058517456,3.618922472000122,180345.0625,3.666017770767212,4.052759647369385,214487.640625,3.9033994674682617,4.32476806640625,235100.921875,4.790678024291992
