train/rmse_step_1,train/mae_step_1,train/mape_step_1,train/rmse_step_2,train/mae_step_2,train/mape_step_2,train/rmse_step_3,train/mae_step_3,train/mape_step_3,train/rmse_step_4,train/mae_step_4,train/mape_step_4,train/rmse_step_5,train/mae_step_5,train/mape_step_5,train/rmse_step_6,train/mae_step_6,train/mape_step_6,train/loss,val/rmse_step_1,val/mae_step_1,val/mape_step_1,val/rmse_step_2,val/mae_step_2,val/mape_step_2,val/rmse_step_3,val/mae_step_3,val/mape_step_3,val/rmse_step_4,val/mae_step_4,val/mape_step_4,val/rmse_step_5,val/mae_step_5,val/mape_step_5,val/rmse_step_6,val/mae_step_6,val/mape_step_6,val/loss
3.9860892295837402,4.246309280395508,240991.28125,3.1740798950195312,3.6259632110595703,190248.53125,4.119763374328613,4.704379558563232,226714.546875,5.1367506980896,5.877302169799805,292610.75,5.85418701171875,6.69933557510376,321020.25,6.353361129760742,7.241922378540039,361406.6875,12.32681941986084,3.8882999420166016,4.200397491455078,407675.65625,2.820847272872925,3.1273913383483887,254671.140625,3.616394281387329,3.9701120853424072,303460.5625,4.546390533447266,4.977780342102051,374873.59375,5.269097805023193,5.743439674377441,425498.53125,5.8308000564575195,6.325277805328369,465797.875,10.069372177124023
