train/rmse_step_1,train/mae_step_1,train/mape_step_1,train/loss,val/rmse_step_1,val/mae_step_1,val/mape_step_1,val/loss
1.6199544668197632,1.738633155822754,202.7030487060547,0.22384344041347504,1.6740518808364868,1.8413352966308594,139378.71875,0.24337396025657654
