train/rmse_step_1,train/mae_step_1,train/mape_step_1,train/loss,val/rmse_step_1,val/mae_step_1,val/mape_step_1,val/loss
1.9100443124771118,2.110016345977783,10550083.0,0.30585309863090515,1.858271598815918,2.0187127590179443,159230.453125,0.2970578968524933
