train/rmse_step_1,train/mae_step_1,train/mape_step_1,train/loss,val/rmse_step_1,val/mae_step_1,val/mape_step_1,val/loss
1.504192590713501,1.6623106002807617,1006505.25,0.19519799947738647,1.6400972604751587,1.8416078090667725,133966.34375,0.23537857830524445
