train/rmse_step_1,train/loss,val/rmse_step_1,val/loss
0.7764421701431274,0.6028624773025513,0.9142839312553406,0.8917805552482605
