val/rmse_step_1,val/mae_step_1,val/mape_step_1,val/loss
3.9058589935302734,4.2141852378845215,262.4783935546875,1.328465223312378
