train/rmse_step_1,train/mae_step_1,train/mape_step_1,train/loss,val/rmse_step_1,val/mae_step_1,val/mape_step_1,val/loss
1.679440975189209,1.7720746994018555,8860373.0,0.23921293020248413,2.0841643810272217,2.286750555038452,179155.375,0.3755493462085724
