train/rmse_step_1,train/mae_step_1,train/mape_step_1,train/loss,val/rmse_step_1,val/mae_step_1,val/mape_step_1,val/loss
0.5423659682273865,0.5925149917602539,127.27519226074219,0.3967844247817993,0.8017677068710327,0.8646608591079712,inf,1.6633235216140747
