train/rmse_step_1,train/mae_step_1,train/mape_step_1,train/rmse_step_2,train/mae_step_2,train/mape_step_2,train/rmse_step_3,train/mae_step_3,train/mape_step_3,train/rmse_step_4,train/mae_step_4,train/mape_step_4,train/rmse_step_5,train/mae_step_5,train/mape_step_5,train/rmse_step_6,train/mae_step_6,train/mape_step_6,train/loss,val/rmse_step_1,val/mae_step_1,val/mape_step_1,val/rmse_step_2,val/mae_step_2,val/mape_step_2,val/rmse_step_3,val/mae_step_3,val/mape_step_3,val/rmse_step_4,val/mae_step_4,val/mape_step_4,val/rmse_step_5,val/mae_step_5,val/mape_step_5,val/rmse_step_6,val/mae_step_6,val/mape_step_6,val/loss
1.4901267290115356,1.6371431350708008,446.058837890625,2.0034537315368652,2.2105512619018555,835.0018310546875,2.4053168296813965,2.6359310150146484,609.0481567382812,2.6937172412872314,2.989283323287964,721.6685180664062,3.0374789237976074,3.3636016845703125,420.4158935546875,3.372446060180664,3.7689998149871826,1169.4814453125,3.466130256652832,1.5729992389678955,1.712433934211731,167597.671875,2.0385477542877197,2.2192227840423584,161436.0625,2.5831828117370605,2.809795618057251,183022.3125,2.9030182361602783,3.1852080821990967,214102.421875,3.203709840774536,3.5187597274780273,186894.203125,3.47511625289917,3.8161673545837402,192122.1875,3.8907697200775146
