train/rmse_step_1,train/mae_step_1,train/mape_step_1,train/loss,val/rmse_step_1,val/mae_step_1,val/mape_step_1,val/loss
2.2590086460113525,2.498018741607666,461348.5,0.44289976358413696,3.1238274574279785,3.3433821201324463,270120.3125,0.8272365927696228
