train/rmse_step_1,train/mae_step_1,train/mape_step_1,train/loss,val/rmse_step_1,val/mae_step_1,val/mape_step_1,val/loss
3.3804173469543457,3.8692872524261475,607.7892456054688,0.9688733816146851,2.6371421813964844,3.015363931655884,274962.28125,0.6015477776527405
