train/rmse_step_1,train/mae_step_1,train/mape_step_1,train/loss,val/rmse_step_1,val/mae_step_1,val/mape_step_1,val/loss
1.7478684186935425,1.8560798168182373,9280398.0,0.25615084171295166,2.108041286468506,2.330749750137329,180089.171875,0.38814684748649597
