train/rmse_step_1,train/mae_step_1,train/mape_step_1,train/rmse_step_2,train/mae_step_2,train/mape_step_2,train/rmse_step_3,train/mae_step_3,train/mape_step_3,train/rmse_step_4,train/mae_step_4,train/mape_step_4,train/rmse_step_5,train/mae_step_5,train/mape_step_5,train/rmse_step_6,train/mae_step_6,train/mape_step_6,train/loss,val/rmse_step_1,val/mae_step_1,val/mape_step_1,val/rmse_step_2,val/mae_step_2,val/mape_step_2,val/rmse_step_3,val/mae_step_3,val/mape_step_3,val/rmse_step_4,val/mae_step_4,val/mape_step_4,val/rmse_step_5,val/mae_step_5,val/mape_step_5,val/rmse_step_6,val/mae_step_6,val/mape_step_6,val/loss
1.8148150444030762,1.9559385776519775,129.2661895751953,2.6164956092834473,2.8308863639831543,191.45741271972656,3.2431066036224365,3.557586193084717,359.3668212890625,3.6024513244628906,4.012321472167969,359.5339660644531,3.992547035217285,4.497114658355713,409.57293701171875,4.240612030029297,4.778473854064941,496.36114501953125,5.800029754638672,1.7680413722991943,1.9384123086929321,143033.9375,2.5578770637512207,2.8472304344177246,193911.8125,3.4022626876831055,3.832057237625122,307387.90625,3.9188473224639893,4.430614471435547,378882.34375,4.4130754470825195,4.999980449676514,425554.40625,4.904016017913818,5.601849555969238,498910.8125,6.971834182739258
