train/rmse_step_1,train/mae_step_1,train/mape_step_1,train/loss,val/rmse_step_1,val/mae_step_1,val/mape_step_1,val/loss
1.728435754776001,1.9126532077789307,303.09405517578125,0.26172447204589844,2.1406002044677734,2.3751444816589355,195471.6875,0.3944527208805084
