train/rmse_step_1,train/mae_step_1,train/mape_step_1,train/rmse_step_2,train/mae_step_2,train/mape_step_2,train/rmse_step_3,train/mae_step_3,train/mape_step_3,train/rmse_step_4,train/mae_step_4,train/mape_step_4,train/rmse_step_5,train/mae_step_5,train/mape_step_5,train/rmse_step_6,train/mae_step_6,train/mape_step_6,train/loss,val/rmse_step_1,val/mae_step_1,val/mape_step_1,val/rmse_step_2,val/mae_step_2,val/mape_step_2,val/rmse_step_3,val/mae_step_3,val/mape_step_3,val/rmse_step_4,val/mae_step_4,val/mape_step_4,val/rmse_step_5,val/mae_step_5,val/mape_step_5,val/rmse_step_6,val/mae_step_6,val/mape_step_6,val/loss
1.9579178094863892,2.1227004528045654,251.38511657714844,2.9014103412628174,3.124406337738037,921.4254150390625,3.6231789588928223,3.9007813930511475,266.0007019042969,4.035454273223877,4.388576507568359,481.25018310546875,4.3160200119018555,4.722333908081055,364.5666198730469,4.608511924743652,5.00644063949585,729.1337280273438,7.1512250900268555,1.6819976568222046,1.838175654411316,190162.90625,2.3234152793884277,2.5487284660339355,204796.46875,2.913668155670166,3.2153263092041016,253507.21875,3.3455677032470703,3.7172253131866455,314727.90625,3.591270685195923,3.9930028915405273,335011.78125,3.882066488265991,4.328981399536133,363080.65625,4.920037746429443
