train/rmse_step_1,train/mae_step_1,train/rmse_step_2,train/mae_step_2,train/rmse_step_3,train/mae_step_3,train/rmse_step_4,train/mae_step_4,train/rmse_step_5,train/mae_step_5,train/rmse_step_6,train/mae_step_6,train/rmse_step_7,train/mae_step_7,train/rmse_step_8,train/mae_step_8,train/rmse_step_9,train/mae_step_9,train/rmse_step_10,train/mae_step_10,train/rmse_step_11,train/mae_step_11,train/rmse_step_12,train/mae_step_12,train/loss,val/rmse_step_1,val/mae_step_1,val/rmse_step_2,val/mae_step_2,val/rmse_step_3,val/mae_step_3,val/rmse_step_4,val/mae_step_4,val/rmse_step_5,val/mae_step_5,val/rmse_step_6,val/mae_step_6,val/rmse_step_7,val/mae_step_7,val/rmse_step_8,val/mae_step_8,val/rmse_step_9,val/mae_step_9,val/rmse_step_10,val/mae_step_10,val/rmse_step_11,val/mae_step_11,val/rmse_step_12,val/mae_step_12,val/loss
0.692946195602417,0.7377164363861084,1.0467655658721924,1.0996887683868408,1.3658561706542969,1.4307191371917725,1.601998209953308,1.67380952835083,1.7361685037612915,1.8113408088684082,1.8869879245758057,1.9455848932266235,2.053877592086792,2.106806993484497,2.1992249488830566,2.230772018432617,2.421725273132324,2.4052958488464355,2.605787754058838,2.6426656246185303,2.817186117172241,2.8176779747009277,3.067474365234375,3.0565199851989746,59.45256805419922,0.7320050001144409,0.7700597047805786,1.100978970527649,1.1714597940444946,1.3818869590759277,1.4769433736801147,1.605859398841858,1.7209203243255615,1.7954981327056885,1.9238406419754028,1.9591807126998901,2.096461296081543,2.1070070266723633,2.2502315044403076,2.2412099838256836,2.3879640102386475,2.3691928386688232,2.518552780151367,2.4914305210113525,2.642936944961548,2.6129703521728516,2.766014575958252,2.7320404052734375,2.8874359130859375,119.16461944580078
