train/rmse_step_1,train/mae_step_1,train/mape_step_1,train/loss,val/rmse_step_1,val/mae_step_1,val/mape_step_1,val/loss
0.5612397789955139,0.6159331202507019,76.41407775878906,0.3905085325241089,0.7171589732170105,0.7485902309417725,inf,1.3397949934005737
