train/rmse_step_1,train/mae_step_1,train/mape_step_1,train/rmse_step_2,train/mae_step_2,train/mape_step_2,train/rmse_step_3,train/mae_step_3,train/mape_step_3,train/rmse_step_4,train/mae_step_4,train/mape_step_4,train/rmse_step_5,train/mae_step_5,train/mape_step_5,train/rmse_step_6,train/mae_step_6,train/mape_step_6,train/loss,val/rmse_step_1,val/mae_step_1,val/mape_step_1,val/rmse_step_2,val/mae_step_2,val/mape_step_2,val/rmse_step_3,val/mae_step_3,val/mape_step_3,val/rmse_step_4,val/mae_step_4,val/mape_step_4,val/rmse_step_5,val/mae_step_5,val/mape_step_5,val/rmse_step_6,val/mae_step_6,val/mape_step_6,val/loss
1.3802834749221802,1.4658894538879395,3037925.75,1.8627817630767822,2.006544828414917,4438865.0,2.598309278488159,2.848949432373047,6684292.0,2.7532994747161865,3.0544309616088867,6991007.0,2.9416072368621826,3.2672388553619385,7208050.0,3.1993231773376465,3.5114264488220215,7441253.0,3.330317497253418,1.6169308423995972,1.765838384628296,165766.0,2.1758129596710205,2.3966712951660156,130202.1171875,2.6895837783813477,2.963413715362549,173395.5625,3.1063756942749023,3.458265781402588,206106.09375,3.396540403366089,3.7882134914398193,220412.609375,3.6656970977783203,4.099028587341309,233370.921875,4.359385967254639
