train/rmse_step_1,train/mae_step_1,train/mape_step_1,train/loss,val/rmse_step_1,val/mae_step_1,val/mape_step_1,val/loss
1.4789377450942993,1.6561598777770996,161.6820068359375,0.1898602992296219,1.669036865234375,1.8407540321350098,128261.5,0.24427802860736847
