train/rmse_step_1,train/mae_step_1,train/mape_step_1,train/loss,val/rmse_step_1,val/mae_step_1,val/mape_step_1,val/loss
1.3207619190216064,1.241182804107666,171.83230590820312,1.831146001815796,0.6874447464942932,0.709959089756012,inf,1.2716575860977173
