train/rmse_step_1,train/mae_step_1,train/mape_step_1,train/loss,val/rmse_step_1,val/mae_step_1,val/mape_step_1,val/loss
0.7217714190483093,0.803942859172821,80.394287109375,1.4672095775604248,0.6985620856285095,0.7184183597564697,inf,1.2947657108306885
