train/rmse_step_1,train/mae_step_1,train/mape_step_1,train/rmse_step_2,train/mae_step_2,train/mape_step_2,train/rmse_step_3,train/mae_step_3,train/mape_step_3,train/rmse_step_4,train/mae_step_4,train/mape_step_4,train/rmse_step_5,train/mae_step_5,train/mape_step_5,train/rmse_step_6,train/mae_step_6,train/mape_step_6,train/loss,val/rmse_step_1,val/mae_step_1,val/mape_step_1,val/rmse_step_2,val/mae_step_2,val/mape_step_2,val/rmse_step_3,val/mae_step_3,val/mape_step_3,val/rmse_step_4,val/mae_step_4,val/mape_step_4,val/rmse_step_5,val/mae_step_5,val/mape_step_5,val/rmse_step_6,val/mae_step_6,val/mape_step_6,val/loss
1.7412285804748535,1.9156805276870728,251321.921875,2.3929145336151123,2.5919711589813232,353999.28125,2.950420379638672,3.240673065185547,394704.78125,3.4419310092926025,3.7946360111236572,458627.78125,3.8117523193359375,4.177977085113525,453025.25,4.148074626922607,4.508696556091309,446397.0625,5.281888008117676,1.5947942733764648,1.7487066984176636,155757.609375,2.1600747108459473,2.3677637577056885,165700.265625,2.707467555999756,2.979602813720703,186122.640625,3.105506181716919,3.4430348873138428,233204.828125,3.401231050491333,3.783092498779297,213599.203125,3.725806713104248,4.151419162750244,224349.109375,4.398087978363037
