train/rmse_step_1,train/mae_step_1,train/mape_step_1,train/rmse_step_2,train/mae_step_2,train/mape_step_2,train/rmse_step_3,train/mae_step_3,train/mape_step_3,train/rmse_step_4,train/mae_step_4,train/mape_step_4,train/rmse_step_5,train/mae_step_5,train/mape_step_5,train/rmse_step_6,train/mae_step_6,train/mape_step_6,train/loss,val/rmse_step_1,val/mae_step_1,val/mape_step_1,val/rmse_step_2,val/mae_step_2,val/mape_step_2,val/rmse_step_3,val/mae_step_3,val/mape_step_3,val/rmse_step_4,val/mae_step_4,val/mape_step_4,val/rmse_step_5,val/mae_step_5,val/mape_step_5,val/rmse_step_6,val/mae_step_6,val/mape_step_6,val/loss
1.6239361763000488,1.7737398147583008,229.89031982421875,2.1238410472869873,2.3277552127838135,257.92974853515625,2.521845817565918,2.790985584259033,581.7830810546875,2.927997350692749,3.283693790435791,333.17071533203125,3.221245765686035,3.634145736694336,486.7317810058594,3.391115188598633,3.8019464015960693,357.12213134765625,3.838498115539551,1.608027696609497,1.7662882804870605,150237.125,2.1438233852386475,2.3645293712615967,199288.375,2.6438498497009277,2.919354200363159,246278.96875,2.96059250831604,3.278557777404785,232952.5625,3.2985756397247314,3.6573264598846436,231057.34375,3.5483267307281494,3.927046537399292,248764.46875,4.121949672698975
