val/rmse_step_1,val/rmse_step_2,val/loss
2.422329902648926,3.6228814125061035,19.01272964477539
