train/rmse_step_1,train/mae_step_1,train/mape_step_1,train/loss,val/rmse_step_1,val/mae_step_1,val/mape_step_1,val/loss
3.071998119354248,3.4375078678131104,543.1925048828125,0.8184680342674255,2.9976093769073486,3.409177303314209,335900.21875,0.7652447819709778
