val/rmse_step_1,val/rmse_step_2,val/loss
2.5082616806030273,3.7199230194091797,20.142358779907227
