train/rmse_step_1,train/mae_step_1,train/mape_step_1,train/rmse_step_2,train/mae_step_2,train/mape_step_2,train/rmse_step_3,train/mae_step_3,train/mape_step_3,train/rmse_step_4,train/mae_step_4,train/mape_step_4,train/rmse_step_5,train/mae_step_5,train/mape_step_5,train/rmse_step_6,train/mae_step_6,train/mape_step_6,train/loss,val/rmse_step_1,val/mae_step_1,val/mape_step_1,val/rmse_step_2,val/mae_step_2,val/mape_step_2,val/rmse_step_3,val/mae_step_3,val/mape_step_3,val/rmse_step_4,val/mae_step_4,val/mape_step_4,val/rmse_step_5,val/mae_step_5,val/mape_step_5,val/rmse_step_6,val/mae_step_6,val/mape_step_6,val/loss
1.4693704843521118,1.6449799537658691,408455.21875,1.8242510557174683,2.0287070274353027,493246.09375,2.299128293991089,2.558194160461426,650588.6875,2.6691784858703613,3.0169734954833984,763335.0625,2.9332010746002197,3.3013405799865723,689260.25,3.101996898651123,3.4870691299438477,695853.25,3.134819984436035,1.569927453994751,1.72774338722229,146683.015625,2.0801241397857666,2.294229030609131,195415.390625,2.6159980297088623,2.8892364501953125,241643.890625,2.958745241165161,3.2830862998962402,275020.15625,3.260899305343628,3.6193838119506836,309727.6875,3.584831476211548,3.9884860515594482,335450.03125,4.078763484954834
