val/rmse_step_1,val/mae_step_1,val/mape_step_1,val/loss
3.0431909561157227,3.360595464706421,282.1097717285156,0.8060324788093567
