train/rmse_step_1,train/mae_step_1,train/mape_step_1,train/loss,val/rmse_step_1,val/mae_step_1,val/mape_step_1,val/loss
3.542067050933838,4.057729244232178,494.9714660644531,1.1071665287017822,5.064676284790039,5.844541549682617,417080.3125,2.226344585418701
