train/rmse_step_1,train/mae_step_1,train/mape_step_1,train/loss,val/rmse_step_1,val/mae_step_1,val/mape_step_1,val/loss
3.4301068782806396,3.906858444213867,483.4490661621094,1.0434796810150146,3.669332981109619,4.072262763977051,441271.09375,1.1398272514343262
