train/rmse_step_1,train/mae_step_1,train/mape_step_1,train/rmse_step_2,train/mae_step_2,train/mape_step_2,train/rmse_step_3,train/mae_step_3,train/mape_step_3,train/rmse_step_4,train/mae_step_4,train/mape_step_4,train/rmse_step_5,train/mae_step_5,train/mape_step_5,train/rmse_step_6,train/mae_step_6,train/mape_step_6,train/loss,val/rmse_step_1,val/mae_step_1,val/mape_step_1,val/rmse_step_2,val/mae_step_2,val/mape_step_2,val/rmse_step_3,val/mae_step_3,val/mape_step_3,val/rmse_step_4,val/mae_step_4,val/mape_step_4,val/rmse_step_5,val/mae_step_5,val/mape_step_5,val/rmse_step_6,val/mae_step_6,val/mape_step_6,val/loss
1.7641314268112183,1.8110884428024292,121255.34375,2.4348137378692627,2.417860507965088,158897.171875,3.1446475982666016,3.0463995933532715,195901.140625,3.5943665504455566,3.4343998432159424,224869.234375,3.9121334552764893,3.7308430671691895,234990.140625,4.133172988891602,3.9394419193267822,234197.0,5.716035842895508,1.5827810764312744,1.7384387254714966,169737.5625,2.1168394088745117,2.327881336212158,232718.828125,2.7129034996032715,2.999021291732788,302027.4375,3.0965914726257324,3.422043561935425,331072.53125,3.4149727821350098,3.7613844871520996,337534.21875,3.822039842605591,4.231403827667236,336500.59375,4.441719055175781
