train/rmse_step_1,train/mae_step_1,train/mape_step_1,train/rmse_step_2,train/mae_step_2,train/mape_step_2,train/rmse_step_3,train/mae_step_3,train/mape_step_3,train/rmse_step_4,train/mae_step_4,train/mape_step_4,train/rmse_step_5,train/mae_step_5,train/mape_step_5,train/rmse_step_6,train/mae_step_6,train/mape_step_6,train/loss,val/rmse_step_1,val/mae_step_1,val/mape_step_1,val/rmse_step_2,val/mae_step_2,val/mape_step_2,val/rmse_step_3,val/mae_step_3,val/mape_step_3,val/rmse_step_4,val/mae_step_4,val/mape_step_4,val/rmse_step_5,val/mae_step_5,val/mape_step_5,val/rmse_step_6,val/mae_step_6,val/mape_step_6,val/loss
1.654056429862976,1.8226780891418457,479147.25,2.311551332473755,2.5615394115448,636998.875,2.8927454948425293,3.19325590133667,764813.0,3.337749481201172,3.7162036895751953,952742.1875,3.655205726623535,4.044925689697266,1042525.375,3.9569809436798096,4.360960960388184,1108932.0,4.914233207702637,1.6263855695724487,1.783868432044983,178733.875,2.2372078895568848,2.465268611907959,158839.203125,2.766390800476074,3.053502321243286,219008.71875,3.1173782348632812,3.474435329437256,274434.3125,3.4230425357818604,3.7980363368988037,290689.53125,3.770815849304199,4.198108196258545,299874.0625,4.499309062957764
