val/rmse_step_1,val/rmse_step_2,val/loss
2.291971206665039,3.4299044609069824,17.045578002929688
