train/rmse_step_1,train/mae_step_1,train/mape_step_1,train/rmse_step_2,train/mae_step_2,train/mape_step_2,train/rmse_step_3,train/mae_step_3,train/mape_step_3,train/rmse_step_4,train/mae_step_4,train/mape_step_4,train/rmse_step_5,train/mae_step_5,train/mape_step_5,train/rmse_step_6,train/mae_step_6,train/mape_step_6,train/loss,val/rmse_step_1,val/mae_step_1,val/mape_step_1,val/rmse_step_2,val/mae_step_2,val/mape_step_2,val/rmse_step_3,val/mae_step_3,val/mape_step_3,val/rmse_step_4,val/mae_step_4,val/mape_step_4,val/rmse_step_5,val/mae_step_5,val/mape_step_5,val/rmse_step_6,val/mae_step_6,val/mape_step_6,val/loss
2.1694774627685547,2.5032236576080322,939267.1875,3.160301446914673,3.8220605850219727,1545302.5,4.374482154846191,5.430530548095703,2325295.0,5.12324857711792,6.376426696777344,2778499.25,6.065159320831299,7.628996849060059,3278663.25,6.788458347320557,8.521928787231445,3623963.75,12.65572738647461,2.100001096725464,2.4210376739501953,224467.5,3.6382381916046143,4.340745449066162,297469.90625,4.970750331878662,6.0473551750183105,469957.8125,5.959611415863037,7.318307876586914,588227.6875,6.768401145935059,8.398905754089355,651947.375,7.275951385498047,9.019853591918945,686264.6875,15.695995330810547
