train/rmse_step_1,train/mae_step_1,train/mape_step_1,train/rmse_step_2,train/mae_step_2,train/mape_step_2,train/rmse_step_3,train/mae_step_3,train/mape_step_3,train/rmse_step_4,train/mae_step_4,train/mape_step_4,train/rmse_step_5,train/mae_step_5,train/mape_step_5,train/rmse_step_6,train/mae_step_6,train/mape_step_6,train/loss,val/rmse_step_1,val/mae_step_1,val/mape_step_1,val/rmse_step_2,val/mae_step_2,val/mape_step_2,val/rmse_step_3,val/mae_step_3,val/mape_step_3,val/rmse_step_4,val/mae_step_4,val/mape_step_4,val/rmse_step_5,val/mae_step_5,val/mape_step_5,val/rmse_step_6,val/mae_step_6,val/mape_step_6,val/loss
1.6130201816558838,1.802970051765442,235.36839294433594,2.2834830284118652,2.5287885665893555,341.9911804199219,2.982097625732422,3.3596229553222656,372.7486267089844,3.675135374069214,4.27244758605957,1185.2349853515625,4.056239604949951,4.737083911895752,1188.140625,4.349188327789307,5.025444507598877,582.5230102539062,5.819939136505127,1.6330417394638062,1.815065860748291,129781.1328125,2.3589138984680176,2.6552491188049316,188610.546875,3.1200270652770996,3.556797504425049,251821.953125,3.7043356895446777,4.254952430725098,282398.53125,4.067122459411621,4.678081512451172,325734.9375,4.34084415435791,4.990616798400879,357459.0625,6.0269646644592285
