train/rmse_step_1,train/mae_step_1,train/mape_step_1,train/rmse_step_2,train/mae_step_2,train/mape_step_2,train/rmse_step_3,train/mae_step_3,train/mape_step_3,train/rmse_step_4,train/mae_step_4,train/mape_step_4,train/rmse_step_5,train/mae_step_5,train/mape_step_5,train/rmse_step_6,train/mae_step_6,train/mape_step_6,train/loss,val/rmse_step_1,val/mae_step_1,val/mape_step_1,val/rmse_step_2,val/mae_step_2,val/mape_step_2,val/rmse_step_3,val/mae_step_3,val/mape_step_3,val/rmse_step_4,val/mae_step_4,val/mape_step_4,val/rmse_step_5,val/mae_step_5,val/mape_step_5,val/rmse_step_6,val/mae_step_6,val/mape_step_6,val/loss
1.5707571506500244,1.7266803979873657,174.37786865234375,2.2274787425994873,2.4915101528167725,454.81134033203125,2.852741003036499,3.182633399963379,380.10107421875,3.4784746170043945,3.9419960975646973,323.43841552734375,3.838686227798462,4.377608299255371,396.3641662597656,4.08746337890625,4.620702743530273,728.2106323242188,5.125424861907959,1.6679238080978394,1.844106912612915,213456.0,2.3247413635253906,2.5932424068450928,200359.21875,2.9872968196868896,3.3789865970611572,285029.90625,3.497586965560913,3.9690968990325928,332337.40625,3.7433950901031494,4.242710113525391,336031.875,4.142336845397949,4.712217330932617,381491.0625,5.406239986419678
