train/rmse_step_1,train/mae_step_1,train/mape_step_1,train/rmse_step_2,train/mae_step_2,train/mape_step_2,train/rmse_step_3,train/mae_step_3,train/mape_step_3,train/rmse_step_4,train/mae_step_4,train/mape_step_4,train/rmse_step_5,train/mae_step_5,train/mape_step_5,train/rmse_step_6,train/mae_step_6,train/mape_step_6,train/loss,val/rmse_step_1,val/mae_step_1,val/mape_step_1,val/rmse_step_2,val/mae_step_2,val/mape_step_2,val/rmse_step_3,val/mae_step_3,val/mape_step_3,val/rmse_step_4,val/mae_step_4,val/mape_step_4,val/rmse_step_5,val/mae_step_5,val/mape_step_5,val/rmse_step_6,val/mae_step_6,val/mape_step_6,val/loss
1.4707019329071045,1.5887112617492676,159.9833221435547,2.0909950733184814,2.312713146209717,386.06781005859375,2.546640396118164,2.808908224105835,374.2515563964844,2.949432373046875,3.2563560009002686,899.7431030273438,3.025254964828491,3.2938129901885986,5274.4091796875,3.290081262588501,3.5865511894226074,365.2876892089844,3.6430039405822754,1.6436587572097778,1.8112523555755615,199858.390625,2.248962163925171,2.4961025714874268,175571.140625,2.738238573074341,3.050473213195801,232553.0,3.0960917472839355,3.462415933609009,264411.0625,3.3476157188415527,3.7313830852508545,289372.1875,3.639566659927368,4.062135696411133,303584.5,4.373534202575684
