train/rmse_step_1,train/mae_step_1,train/mape_step_1,train/rmse_step_2,train/mae_step_2,train/mape_step_2,train/rmse_step_3,train/mae_step_3,train/mape_step_3,train/rmse_step_4,train/mae_step_4,train/mape_step_4,train/rmse_step_5,train/mae_step_5,train/mape_step_5,train/rmse_step_6,train/mae_step_6,train/mape_step_6,train/loss,val/rmse_step_1,val/mae_step_1,val/mape_step_1,val/rmse_step_2,val/mae_step_2,val/mape_step_2,val/rmse_step_3,val/mae_step_3,val/mape_step_3,val/rmse_step_4,val/mae_step_4,val/mape_step_4,val/rmse_step_5,val/mae_step_5,val/mape_step_5,val/rmse_step_6,val/mae_step_6,val/mape_step_6,val/loss
1.4847346544265747,1.628849983215332,202.94358825683594,1.9444118738174438,2.151930809020996,343.90008544921875,2.4924769401550293,2.733015537261963,275.6844787597656,2.847259759902954,3.1023025512695312,270.9373474121094,3.1091649532318115,3.390592098236084,774.30712890625,3.4533259868621826,3.810645818710327,699.2822875976562,3.631181478500366,1.5716036558151245,1.7211811542510986,130895.7265625,2.0656063556671143,2.2745625972747803,171416.109375,2.5736100673675537,2.83756685256958,199861.921875,2.8989737033843994,3.204603910446167,237750.046875,3.1937310695648193,3.5242860317230225,220551.25,3.5480620861053467,3.9230637550354004,245559.859375,3.9437599182128906
