train/rmse_step_1,train/mae_step_1,train/mape_step_1,train/rmse_step_2,train/mae_step_2,train/mape_step_2,train/rmse_step_3,train/mae_step_3,train/mape_step_3,train/rmse_step_4,train/mae_step_4,train/mape_step_4,train/rmse_step_5,train/mae_step_5,train/mape_step_5,train/rmse_step_6,train/mae_step_6,train/mape_step_6,train/loss,val/rmse_step_1,val/mae_step_1,val/mape_step_1,val/rmse_step_2,val/mae_step_2,val/mape_step_2,val/rmse_step_3,val/mae_step_3,val/mape_step_3,val/rmse_step_4,val/mae_step_4,val/mape_step_4,val/rmse_step_5,val/mae_step_5,val/mape_step_5,val/rmse_step_6,val/mae_step_6,val/mape_step_6,val/loss
1.5860568284988403,1.699599027633667,1085190.0,2.2162187099456787,2.358900547027588,1202959.625,2.675553321838379,2.8655295372009277,1598684.75,3.0330429077148438,3.2184274196624756,1818240.875,3.3845479488372803,3.616708517074585,1972216.625,3.5603370666503906,3.8144028186798096,2218132.5,4.167543888092041,1.5808004140853882,1.7285635471343994,172615.546875,2.082693338394165,2.282613754272461,178825.5625,2.6412668228149414,2.898129463195801,197510.84375,3.0139248371124268,3.3325464725494385,228353.078125,3.305861473083496,3.652287721633911,213381.03125,3.6246492862701416,4.009605884552002,223557.921875,4.158465385437012
