train/rmse_step_1,train/mae_step_1,train/mape_step_1,train/loss,val/rmse_step_1,val/mae_step_1,val/mape_step_1,val/loss
3.2102115154266357,3.650923728942871,406689.40625,0.9199671149253845,2.5664875507354736,2.8990774154663086,245849.984375,0.5793925523757935
