train/rmse_step_1,train/mae_step_1,train/mape_step_1,train/rmse_step_2,train/mae_step_2,train/mape_step_2,train/rmse_step_3,train/mae_step_3,train/mape_step_3,train/rmse_step_4,train/mae_step_4,train/mape_step_4,train/rmse_step_5,train/mae_step_5,train/mape_step_5,train/rmse_step_6,train/mae_step_6,train/mape_step_6,train/loss,val/rmse_step_1,val/mae_step_1,val/mape_step_1,val/rmse_step_2,val/mae_step_2,val/mape_step_2,val/rmse_step_3,val/mae_step_3,val/mape_step_3,val/rmse_step_4,val/mae_step_4,val/mape_step_4,val/rmse_step_5,val/mae_step_5,val/mape_step_5,val/rmse_step_6,val/mae_step_6,val/mape_step_6,val/loss
2.0773255825042725,2.370976209640503,610.5762329101562,3.118032455444336,3.537771224975586,1020.1021118164062,3.6334726810455322,4.078009605407715,625.339111328125,4.290732383728027,4.8333330154418945,534.5636596679688,4.940702438354492,5.6058197021484375,597.2560424804688,5.769016742706299,6.668017387390137,633.0746459960938,9.216904640197754,1.80796217918396,2.0266668796539307,179460.5625,3.2032151222229004,3.5840890407562256,266574.0,3.619790554046631,4.134562015533447,295998.8125,3.9488723278045654,4.512701511383057,317830.90625,4.373830795288086,5.014647483825684,313543.1875,4.531282901763916,5.155553817749023,336996.78125,7.235718727111816
