train/rmse_step_1,train/mae_step_1,train/mape_step_1,train/loss,val/rmse_step_1,val/mae_step_1,val/mape_step_1,val/loss
1.582647681236267,1.7227418422698975,8613709.0,0.21524100005626678,1.841338038444519,2.0510599613189697,165767.046875,0.29730719327926636
