train/rmse_step_1,train/mae_step_1,train/mape_step_1,train/rmse_step_2,train/mae_step_2,train/mape_step_2,train/rmse_step_3,train/mae_step_3,train/mape_step_3,train/rmse_step_4,train/mae_step_4,train/mape_step_4,train/rmse_step_5,train/mae_step_5,train/mape_step_5,train/rmse_step_6,train/mae_step_6,train/mape_step_6,train/loss,val/rmse_step_1,val/mae_step_1,val/mape_step_1,val/rmse_step_2,val/mae_step_2,val/mape_step_2,val/rmse_step_3,val/mae_step_3,val/mape_step_3,val/rmse_step_4,val/mae_step_4,val/mape_step_4,val/rmse_step_5,val/mae_step_5,val/mape_step_5,val/rmse_step_6,val/mae_step_6,val/mape_step_6,val/loss
1.432148814201355,1.5600268840789795,858.5333862304688,1.974751591682434,2.121941089630127,734.8678588867188,2.5177485942840576,2.684746265411377,3500.181640625,2.9097883701324463,3.0583384037017822,502.2837219238281,3.2787270545959473,3.4014430046081543,1174.7159423828125,3.5308895111083984,3.653346538543701,1060.0693359375,3.79646372795105,1.5798799991607666,1.7183490991592407,158461.15625,2.067026138305664,2.2561299800872803,152249.8125,2.5294528007507324,2.764962673187256,143076.0,2.883317232131958,3.170529365539551,154437.328125,3.1972672939300537,3.5262222290039062,165300.953125,3.497962713241577,3.868873119354248,186929.1875,3.878412961959839
