train/rmse_step_1,train/mae_step_1,train/mape_step_1,train/rmse_step_2,train/mae_step_2,train/mape_step_2,train/rmse_step_3,train/mae_step_3,train/mape_step_3,train/rmse_step_4,train/mae_step_4,train/mape_step_4,train/rmse_step_5,train/mae_step_5,train/mape_step_5,train/rmse_step_6,train/mae_step_6,train/mape_step_6,train/loss,val/rmse_step_1,val/mae_step_1,val/mape_step_1,val/rmse_step_2,val/mae_step_2,val/mape_step_2,val/rmse_step_3,val/mae_step_3,val/mape_step_3,val/rmse_step_4,val/mae_step_4,val/mape_step_4,val/rmse_step_5,val/mae_step_5,val/mape_step_5,val/rmse_step_6,val/mae_step_6,val/mape_step_6,val/loss
1.602699637413025,1.762071967124939,856126.5625,2.644921064376831,2.958589553833008,1334812.25,3.6474268436431885,3.979435920715332,1733571.25,4.2072014808654785,4.616444110870361,2190554.25,4.8605875968933105,5.354203224182129,2353132.75,5.592483997344971,6.160341262817383,2903946.25,8.26753044128418,1.6524580717086792,1.8126388788223267,152736.5,2.612889528274536,2.8491976261138916,249084.421875,3.313983201980591,3.6061787605285645,252487.9375,3.88692045211792,4.240788459777832,276244.03125,4.253188610076904,4.648813247680664,288903.8125,4.558511257171631,4.977583408355713,293817.6875,6.389558792114258
