train/rmse_step_1,train/mae_step_1,train/mape_step_1,train/loss,val/rmse_step_1,val/mae_step_1,val/mape_step_1,val/loss
2.675154209136963,3.038728713989258,327.4715881347656,0.6237605810165405,2.537977933883667,2.865424394607544,249587.21875,0.5747284293174744
