train/rmse_step_1,train/mae_step_1,train/mape_step_1,train/loss,val/rmse_step_1,val/mae_step_1,val/mape_step_1,val/loss
1.5229830741882324,1.6972723007202148,203.32980346679688,0.20101302862167358,1.6228679418563843,1.7326219081878662,129890.875,0.2268483191728592
