train/rmse_step_1,train/mae_step_1,train/mape_step_1,train/loss,val/rmse_step_1,val/mae_step_1,val/mape_step_1,val/loss
2.0248377323150635,2.2887938022613525,132.18666076660156,0.3513084650039673,1.9248210191726685,2.0668752193450928,163542.03125,0.3196987211704254
