val/rmse_step_1,val/loss
0.8823980093002319,0.7832540273666382
