train/rmse_step_1,train/mae_step_1,train/mape_step_1,train/rmse_step_2,train/mae_step_2,train/mape_step_2,train/rmse_step_3,train/mae_step_3,train/mape_step_3,train/rmse_step_4,train/mae_step_4,train/mape_step_4,train/rmse_step_5,train/mae_step_5,train/mape_step_5,train/rmse_step_6,train/mae_step_6,train/mape_step_6,train/loss,val/rmse_step_1,val/mae_step_1,val/mape_step_1,val/rmse_step_2,val/mae_step_2,val/mape_step_2,val/rmse_step_3,val/mae_step_3,val/mape_step_3,val/rmse_step_4,val/mae_step_4,val/mape_step_4,val/rmse_step_5,val/mae_step_5,val/mape_step_5,val/rmse_step_6,val/mae_step_6,val/mape_step_6,val/loss
1.4667364358901978,1.6321687698364258,180.81451416015625,1.8858755826950073,2.11746883392334,342.4901428222656,2.321556806564331,2.573172092437744,459.456298828125,2.756948947906494,3.086228609085083,330.7184753417969,3.023963212966919,3.328111171722412,471.1891174316406,3.2261929512023926,3.6177406311035156,406.8869934082031,3.3478026390075684,1.5893824100494385,1.7304855585098267,165386.796875,2.0952491760253906,2.2828001976013184,153608.515625,2.616171360015869,2.852644681930542,155885.109375,2.9977002143859863,3.2947680950164795,187847.0,3.3228299617767334,3.6669046878814697,205340.84375,3.6277287006378174,4.012668609619141,212078.078125,4.1268792152404785
