train/rmse_step_1,train/mae_step_1,train/mape_step_1,train/loss,val/rmse_step_1,val/mae_step_1,val/mape_step_1,val/loss
1.5874805450439453,1.7363183498382568,239.439208984375,0.21798419952392578,1.7279607057571411,1.871616005897522,134338.875,0.25860145688056946
