train/rmse_step_1,train/mae_step_1,train/mape_step_1,train/rmse_step_2,train/mae_step_2,train/mape_step_2,train/rmse_step_3,train/mae_step_3,train/mape_step_3,train/rmse_step_4,train/mae_step_4,train/mape_step_4,train/rmse_step_5,train/mae_step_5,train/mape_step_5,train/rmse_step_6,train/mae_step_6,train/mape_step_6,train/loss,val/rmse_step_1,val/mae_step_1,val/mape_step_1,val/rmse_step_2,val/mae_step_2,val/mape_step_2,val/rmse_step_3,val/mae_step_3,val/mape_step_3,val/rmse_step_4,val/mae_step_4,val/mape_step_4,val/rmse_step_5,val/mae_step_5,val/mape_step_5,val/rmse_step_6,val/mae_step_6,val/mape_step_6,val/loss
1.5734487771987915,1.706683874130249,658698.625,2.0167322158813477,2.1828572750091553,1046691.8125,2.5643951892852783,2.8096065521240234,1240295.125,2.942782163619995,3.2408406734466553,1318320.875,3.4260807037353516,3.7948343753814697,1241504.625,3.637899875640869,4.048938751220703,1500559.375,3.9936788082122803,1.6927976608276367,1.8383201360702515,179847.6875,2.284318447113037,2.499950885772705,154985.234375,2.8695006370544434,3.1496741771698,222207.421875,3.2346701622009277,3.5759096145629883,263716.34375,3.529294490814209,3.9167683124542236,285868.84375,3.7397661209106445,4.151422023773193,289184.875,4.6494951248168945
