train/rmse_step_1,train/mae_step_1,train/mape_step_1,train/loss,val/rmse_step_1,val/mae_step_1,val/mape_step_1,val/loss
0.46696922183036804,0.5189683437347412,210.58969116210938,0.5612108707427979,0.6945486664772034,0.7217435836791992,inf,1.2651169300079346
