train/rmse_step_1,train/mae_step_1,train/mape_step_1,train/rmse_step_2,train/mae_step_2,train/mape_step_2,train/rmse_step_3,train/mae_step_3,train/mape_step_3,train/rmse_step_4,train/mae_step_4,train/mape_step_4,train/rmse_step_5,train/mae_step_5,train/mape_step_5,train/rmse_step_6,train/mae_step_6,train/mape_step_6,train/loss,val/rmse_step_1,val/mae_step_1,val/mape_step_1,val/rmse_step_2,val/mae_step_2,val/mape_step_2,val/rmse_step_3,val/mae_step_3,val/mape_step_3,val/rmse_step_4,val/mae_step_4,val/mape_step_4,val/rmse_step_5,val/mae_step_5,val/mape_step_5,val/rmse_step_6,val/mae_step_6,val/mape_step_6,val/loss
1.6133612394332886,1.7575833797454834,4351385.0,2.386735200881958,2.5572075843811035,6206757.0,2.9838626384735107,3.20133113861084,7509511.0,3.551135540008545,3.7794580459594727,8716638.0,3.982879877090454,4.229998588562012,9032530.0,4.35734224319458,4.605429649353027,9495230.0,5.446786880493164,1.5915443897247314,1.7495713233947754,175557.3125,2.2584550380706787,2.471545457839966,179165.953125,2.8338778018951416,3.1176724433898926,202180.03125,3.3244450092315674,3.6710057258605957,238526.125,3.6925981044769287,4.080475330352783,242613.4375,3.954329490661621,4.3652753829956055,266631.53125,4.897904872894287
