train/rmse_step_1,train/mae_step_1,train/mape_step_1,train/rmse_step_2,train/mae_step_2,train/mape_step_2,train/rmse_step_3,train/mae_step_3,train/mape_step_3,train/rmse_step_4,train/mae_step_4,train/mape_step_4,train/rmse_step_5,train/mae_step_5,train/mape_step_5,train/rmse_step_6,train/mae_step_6,train/mape_step_6,train/loss,val/rmse_step_1,val/mae_step_1,val/mape_step_1,val/rmse_step_2,val/mae_step_2,val/mape_step_2,val/rmse_step_3,val/mae_step_3,val/mape_step_3,val/rmse_step_4,val/mae_step_4,val/mape_step_4,val/rmse_step_5,val/mae_step_5,val/mape_step_5,val/rmse_step_6,val/mae_step_6,val/mape_step_6,val/loss
1.69085693359375,1.8547375202178955,143.5916290283203,2.4285123348236084,2.6561439037323,270.4108581542969,2.8774313926696777,3.1364593505859375,300.5179138183594,3.4111521244049072,3.6808371543884277,524.8990478515625,3.671907901763916,3.982015609741211,381.41876220703125,4.110252857208252,4.35791015625,374.5179748535156,5.073032379150391,1.5635935068130493,1.7197530269622803,140329.828125,2.168268918991089,2.381395101547241,183099.5,2.6856977939605713,2.959430456161499,217340.328125,3.1689655780792236,3.5285356044769287,232770.53125,3.4918410778045654,3.9022750854492188,244563.53125,3.779541492462158,4.221698760986328,270616.1875,4.501514911651611
