train/rmse_step_1,train/mae_step_1,train/mape_step_1,train/rmse_step_2,train/mae_step_2,train/mape_step_2,train/rmse_step_3,train/mae_step_3,train/mape_step_3,train/rmse_step_4,train/mae_step_4,train/mape_step_4,train/rmse_step_5,train/mae_step_5,train/mape_step_5,train/rmse_step_6,train/mae_step_6,train/mape_step_6,train/loss,val/rmse_step_1,val/mae_step_1,val/mape_step_1,val/rmse_step_2,val/mae_step_2,val/mape_step_2,val/rmse_step_3,val/mae_step_3,val/mape_step_3,val/rmse_step_4,val/mae_step_4,val/mape_step_4,val/rmse_step_5,val/mae_step_5,val/mape_step_5,val/rmse_step_6,val/mae_step_6,val/mape_step_6,val/loss
1.782431960105896,1.9610919952392578,528800.5,2.396277904510498,2.580118179321289,549270.125,3.0471203327178955,3.2540712356567383,735114.4375,3.6932029724121094,4.082580089569092,974648.0625,4.140328407287598,4.5896100997924805,1092549.5,4.654897212982178,5.139279365539551,1160789.0,6.150644779205322,1.7396968603134155,1.9055662155151367,220295.171875,2.3105146884918213,2.549309015274048,172881.9375,2.7710726261138916,3.0603132247924805,277311.5,3.268756151199341,3.642533302307129,381336.875,3.5252275466918945,3.9294586181640625,366764.0,3.8355557918548584,4.29051399230957,439339.5625,4.753213882446289
