train/rmse_step_1,train/mae_step_1,train/mape_step_1,train/rmse_step_2,train/mae_step_2,train/mape_step_2,train/rmse_step_3,train/mae_step_3,train/mape_step_3,train/rmse_step_4,train/mae_step_4,train/mape_step_4,train/rmse_step_5,train/mae_step_5,train/mape_step_5,train/rmse_step_6,train/mae_step_6,train/mape_step_6,train/loss,val/rmse_step_1,val/mae_step_1,val/mape_step_1,val/rmse_step_2,val/mae_step_2,val/mape_step_2,val/rmse_step_3,val/mae_step_3,val/mape_step_3,val/rmse_step_4,val/mae_step_4,val/mape_step_4,val/rmse_step_5,val/mae_step_5,val/mape_step_5,val/rmse_step_6,val/mae_step_6,val/mape_step_6,val/loss
1.5476242303848267,1.7496013641357422,403.1335754394531,2.165900468826294,2.4670584201812744,399.4139709472656,2.6872682571411133,3.091407537460327,664.5179443359375,3.0969693660736084,3.5448315143585205,577.3804321289062,3.342319965362549,3.7892062664031982,583.8330078125,3.9522335529327393,4.53546667098999,991.8551635742188,4.521642684936523,1.7178142070770264,1.922590970993042,176119.234375,2.452150821685791,2.776761054992676,263625.0,3.1809277534484863,3.654608964920044,325313.59375,3.6329777240753174,4.1787567138671875,361483.15625,3.954606771469116,4.537435531616211,352640.15625,4.506106853485107,5.213736057281494,393137.75,6.218430995941162
