train/rmse_step_1,train/mae_step_1,train/mape_step_1,train/loss,val/rmse_step_1,val/mae_step_1,val/mape_step_1,val/loss
1.9592500925064087,2.161383628845215,817.1905517578125,0.3292927145957947,2.3360021114349365,2.5839970111846924,200597.140625,0.4778911769390106
