train/rmse_step_1,train/mae_step_1,train/mape_step_1,train/rmse_step_2,train/mae_step_2,train/mape_step_2,train/rmse_step_3,train/mae_step_3,train/mape_step_3,train/rmse_step_4,train/mae_step_4,train/mape_step_4,train/rmse_step_5,train/mae_step_5,train/mape_step_5,train/rmse_step_6,train/mae_step_6,train/mape_step_6,train/loss,val/rmse_step_1,val/mae_step_1,val/mape_step_1,val/rmse_step_2,val/mae_step_2,val/mape_step_2,val/rmse_step_3,val/mae_step_3,val/mape_step_3,val/rmse_step_4,val/mae_step_4,val/mape_step_4,val/rmse_step_5,val/mae_step_5,val/mape_step_5,val/rmse_step_6,val/mae_step_6,val/mape_step_6,val/loss
1.6687321662902832,1.84999680519104,882153.625,2.4700191020965576,2.7330267429351807,1356732.125,3.1775240898132324,3.5366525650024414,1469966.375,3.7986245155334473,4.205406188964844,1751095.75,4.053159713745117,4.455202102661133,1871920.75,4.2950029373168945,4.68980598449707,1937165.25,5.884389400482178,1.5607837438583374,1.7308731079101562,158982.015625,2.1792187690734863,2.420891046524048,153601.53125,2.7543294429779053,3.0788819789886475,193645.140625,3.2291460037231445,3.633531093597412,239160.421875,3.5887603759765625,4.05134916305542,244873.515625,3.7844231128692627,4.2487616539001465,279967.15625,4.654837608337402
