train/rmse_step_1,train/mae_step_1,train/mape_step_1,train/rmse_step_2,train/mae_step_2,train/mape_step_2,train/rmse_step_3,train/mae_step_3,train/mape_step_3,train/rmse_step_4,train/mae_step_4,train/mape_step_4,train/rmse_step_5,train/mae_step_5,train/mape_step_5,train/rmse_step_6,train/mae_step_6,train/mape_step_6,train/loss,val/rmse_step_1,val/mae_step_1,val/mape_step_1,val/rmse_step_2,val/mae_step_2,val/mape_step_2,val/rmse_step_3,val/mae_step_3,val/mape_step_3,val/rmse_step_4,val/mae_step_4,val/mape_step_4,val/rmse_step_5,val/mae_step_5,val/mape_step_5,val/rmse_step_6,val/mae_step_6,val/mape_step_6,val/loss
1.4690732955932617,1.5844769477844238,215.03961181640625,2.055543899536133,2.193434238433838,214.83323669433594,2.8266077041625977,2.962954044342041,1460.5823974609375,3.3415908813476562,3.5224008560180664,4834.26318359375,3.721773147583008,3.9367337226867676,509.86309814453125,3.972719192504883,4.271511077880859,686.8276977539062,4.817212104797363,1.5470902919769287,1.6965998411178589,153797.0,2.035127878189087,2.2326817512512207,182312.84375,2.5585150718688965,2.8058924674987793,214372.203125,2.8834450244903564,3.1686627864837646,217446.515625,3.18641996383667,3.507944345474243,216972.046875,3.4861602783203125,3.845855474472046,217431.171875,3.8796181678771973
