train/rmse_step_1,train/mae_step_1,train/mape_step_1,train/loss,val/rmse_step_1,val/mae_step_1,val/mape_step_1,val/loss
4.25547981262207,4.675168991088867,887.515380859375,1.5074745416641235,3.9146218299865723,4.398653984069824,369985.5,1.2867176532745361
