train/rmse_step_1,train/mae_step_1,train/mape_step_1,train/loss,val/rmse_step_1,val/mae_step_1,val/mape_step_1,val/loss
2.128048896789551,2.3091917037963867,11545958.0,0.3893173933029175,2.5101375579833984,2.7875418663024902,271020.78125,0.5354200005531311
