train/rmse_step_1,train/mae_step_1,train/mape_step_1,train/rmse_step_2,train/mae_step_2,train/mape_step_2,train/rmse_step_3,train/mae_step_3,train/mape_step_3,train/rmse_step_4,train/mae_step_4,train/mape_step_4,train/rmse_step_5,train/mae_step_5,train/mape_step_5,train/rmse_step_6,train/mae_step_6,train/mape_step_6,train/loss,val/rmse_step_1,val/mae_step_1,val/mape_step_1,val/rmse_step_2,val/mae_step_2,val/mape_step_2,val/rmse_step_3,val/mae_step_3,val/mape_step_3,val/rmse_step_4,val/mae_step_4,val/mape_step_4,val/rmse_step_5,val/mae_step_5,val/mape_step_5,val/rmse_step_6,val/mae_step_6,val/mape_step_6,val/loss
1.7053461074829102,1.9061925411224365,142.90164184570312,2.706979751586914,3.0381603240966797,316.700439453125,3.61715030670166,3.993460178375244,366.8728332519531,4.541264533996582,4.992524147033691,1117.456787109375,5.5025315284729,6.040822982788086,1506.27880859375,6.131662368774414,6.74677848815918,747.9322509765625,9.423826217651367,1.6362645626068115,1.8305891752243042,180741.75,2.7741572856903076,3.1685709953308105,270661.75,3.445570945739746,3.9566898345947266,307610.25,4.075829029083252,4.704977035522461,386266.375,4.560876369476318,5.287629127502441,430693.96875,5.051888942718506,5.887507438659668,481762.15625,7.598962783813477
