train/rmse_step_1,train/mae_step_1,train/rmse_step_2,train/mae_step_2,train/rmse_step_3,train/mae_step_3,train/rmse_step_4,train/mae_step_4,train/rmse_step_5,train/mae_step_5,train/rmse_step_6,train/mae_step_6,train/rmse_step_7,train/mae_step_7,train/rmse_step_8,train/mae_step_8,train/rmse_step_9,train/mae_step_9,train/rmse_step_10,train/mae_step_10,train/rmse_step_11,train/mae_step_11,train/rmse_step_12,train/mae_step_12,train/loss,val/rmse_step_1,val/mae_step_1,val/rmse_step_2,val/mae_step_2,val/rmse_step_3,val/mae_step_3,val/rmse_step_4,val/mae_step_4,val/rmse_step_5,val/mae_step_5,val/rmse_step_6,val/mae_step_6,val/rmse_step_7,val/mae_step_7,val/rmse_step_8,val/mae_step_8,val/rmse_step_9,val/mae_step_9,val/rmse_step_10,val/mae_step_10,val/rmse_step_11,val/mae_step_11,val/rmse_step_12,val/mae_step_12,val/loss
0.710975706577301,0.7397061586380005,1.0696650743484497,1.1100010871887207,1.3203376531600952,1.3812580108642578,1.4769134521484375,1.5435051918029785,1.5782915353775024,1.6439310312271118,1.6831871271133423,1.7402294874191284,1.7504562139511108,1.798027515411377,1.740388035774231,1.7844138145446777,1.9359593391418457,1.9866948127746582,1.9665179252624512,2.006110191345215,2.0435190200805664,2.0882973670959473,2.0900418758392334,2.144212245941162,41.85324478149414,0.7346816658973694,0.7714703679084778,1.083267331123352,1.1485049724578857,1.365351676940918,1.455702543258667,1.5917071104049683,1.7025293111801147,1.7888643741607666,1.9152328968048096,1.9663342237472534,2.1039676666259766,2.1296615600585938,2.2754104137420654,2.283890724182129,2.4353599548339844,2.431015968322754,2.5860214233398438,2.574321746826172,2.7315099239349365,2.7144052982330322,2.872791051864624,2.8526604175567627,3.0119335651397705,124.71720886230469
