train/rmse_step_1,train/mae_step_1,train/mape_step_1,train/loss,val/rmse_step_1,val/mae_step_1,val/mape_step_1,val/loss
0.6712191700935364,0.7269905805587769,21.04840087890625,0.5180803537368774,0.6351422071456909,0.6535149812698364,inf,1.1771498918533325
