train/rmse_step_1,train/mae_step_1,train/mape_step_1,train/rmse_step_2,train/mae_step_2,train/mape_step_2,train/rmse_step_3,train/mae_step_3,train/mape_step_3,train/rmse_step_4,train/mae_step_4,train/mape_step_4,train/rmse_step_5,train/mae_step_5,train/mape_step_5,train/rmse_step_6,train/mae_step_6,train/mape_step_6,train/loss,val/rmse_step_1,val/mae_step_1,val/mape_step_1,val/rmse_step_2,val/mae_step_2,val/mape_step_2,val/rmse_step_3,val/mae_step_3,val/mape_step_3,val/rmse_step_4,val/mae_step_4,val/mape_step_4,val/rmse_step_5,val/mae_step_5,val/mape_step_5,val/rmse_step_6,val/mae_step_6,val/mape_step_6,val/loss
1.6080899238586426,1.7897419929504395,301.00030517578125,2.1171934604644775,2.371565341949463,396.9128112792969,2.694904327392578,3.0162625312805176,430.6227722167969,3.143202304840088,3.532844066619873,1536.96826171875,3.448955774307251,3.9340124130249023,673.43798828125,3.619162082672119,4.127525806427002,1304.593017578125,4.3382673263549805,1.5753252506256104,1.728785753250122,150864.3125,2.180654287338257,2.378007411956787,151372.5,2.798445701599121,3.0585081577301025,218663.84375,3.2487423419952393,3.551274538040161,243695.5,3.4725353717803955,3.800858736038208,225677.359375,3.691133737564087,4.050049304962158,242345.46875,4.490100860595703
