train/rmse_step_1,train/mae_step_1,train/mape_step_1,train/rmse_step_2,train/mae_step_2,train/mape_step_2,train/rmse_step_3,train/mae_step_3,train/mape_step_3,train/rmse_step_4,train/mae_step_4,train/mape_step_4,train/rmse_step_5,train/mae_step_5,train/mape_step_5,train/rmse_step_6,train/mae_step_6,train/mape_step_6,train/loss,val/rmse_step_1,val/mae_step_1,val/mape_step_1,val/rmse_step_2,val/mae_step_2,val/mape_step_2,val/rmse_step_3,val/mae_step_3,val/mape_step_3,val/rmse_step_4,val/mae_step_4,val/mape_step_4,val/rmse_step_5,val/mae_step_5,val/mape_step_5,val/rmse_step_6,val/mae_step_6,val/mape_step_6,val/loss
1.7983349561691284,2.014059066772461,5555357.0,2.5658464431762695,2.920682907104492,6981414.0,2.9678356647491455,3.340994358062744,7728951.5,3.544748067855835,3.9449896812438965,9099766.0,3.927384853363037,4.408967018127441,10485612.0,4.367613792419434,4.9766411781311035,11986680.0,5.675522327423096,1.7865867614746094,1.9604594707489014,189878.5,2.363351821899414,2.6526262760162354,189163.0625,2.986860513687134,3.3577542304992676,259113.703125,3.6525461673736572,4.128345012664795,329938.1875,4.017362117767334,4.545757293701172,369079.09375,4.316928386688232,4.872678756713867,380523.0,5.8140339851379395
