train/rmse_step_1,train/mae_step_1,train/mape_step_1,train/rmse_step_2,train/mae_step_2,train/mape_step_2,train/rmse_step_3,train/mae_step_3,train/mape_step_3,train/rmse_step_4,train/mae_step_4,train/mape_step_4,train/rmse_step_5,train/mae_step_5,train/mape_step_5,train/rmse_step_6,train/mae_step_6,train/mape_step_6,train/loss,val/rmse_step_1,val/mae_step_1,val/mape_step_1,val/rmse_step_2,val/mae_step_2,val/mape_step_2,val/rmse_step_3,val/mae_step_3,val/mape_step_3,val/rmse_step_4,val/mae_step_4,val/mape_step_4,val/rmse_step_5,val/mae_step_5,val/mape_step_5,val/rmse_step_6,val/mae_step_6,val/mape_step_6,val/loss
1.5360229015350342,1.7209628820419312,413040.125,2.0130269527435303,2.2340879440307617,485452.53125,2.533583641052246,2.816312313079834,695753.875,2.8016653060913086,3.0845611095428467,727725.875,3.000495672225952,3.31160044670105,815311.3125,3.222533702850342,3.547546625137329,851964.875,3.4814581871032715,1.9149855375289917,2.188624858856201,279740.375,3.0762548446655273,3.637849807739258,404937.28125,4.068523406982422,4.875216484069824,532638.75,4.8195905685424805,5.828067302703857,614598.8125,5.426397323608398,6.625521659851074,723256.1875,6.075026512145996,7.4608073234558105,831483.0625,10.6588716506958
