train/rmse_step_1,train/mae_step_1,train/mape_step_1,train/rmse_step_2,train/mae_step_2,train/mape_step_2,train/rmse_step_3,train/mae_step_3,train/mape_step_3,train/rmse_step_4,train/mae_step_4,train/mape_step_4,train/rmse_step_5,train/mae_step_5,train/mape_step_5,train/rmse_step_6,train/mae_step_6,train/mape_step_6,train/loss,val/rmse_step_1,val/mae_step_1,val/mape_step_1,val/rmse_step_2,val/mae_step_2,val/mape_step_2,val/rmse_step_3,val/mae_step_3,val/mape_step_3,val/rmse_step_4,val/mae_step_4,val/mape_step_4,val/rmse_step_5,val/mae_step_5,val/mape_step_5,val/rmse_step_6,val/mae_step_6,val/mape_step_6,val/loss
1.547544002532959,1.728714942932129,529.3826904296875,2.441174030303955,2.8084325790405273,458.1308288574219,3.2646422386169434,3.7931923866271973,2592.69140625,3.784600019454956,4.3248419761657715,1221.5938720703125,4.216609477996826,4.824795722961426,1504.3065185546875,4.779403209686279,5.536129951477051,840.9677734375,6.708205223083496,1.6246492862701416,1.807068109512329,202793.3125,2.330618143081665,2.6254451274871826,188134.03125,3.1034607887268066,3.5468130111694336,267501.90625,3.5826094150543213,4.097882270812988,329186.21875,3.8696048259735107,4.416448593139648,325114.3125,4.326156139373779,4.9673357009887695,391087.3125,5.774292469024658
