train/rmse_step_1,train/mae_step_1,train/mape_step_1,train/loss,val/rmse_step_1,val/mae_step_1,val/mape_step_1,val/loss
4.12993049621582,4.930171012878418,24650854.0,1.4175792932510376,4.307071208953857,4.8932719230651855,437294.09375,1.569689154624939
