train/rmse_step_1,train/mae_step_1,train/mape_step_1,train/rmse_step_2,train/mae_step_2,train/mape_step_2,train/rmse_step_3,train/mae_step_3,train/mape_step_3,train/rmse_step_4,train/mae_step_4,train/mape_step_4,train/rmse_step_5,train/mae_step_5,train/mape_step_5,train/rmse_step_6,train/mae_step_6,train/mape_step_6,train/loss,val/rmse_step_1,val/mae_step_1,val/mape_step_1,val/rmse_step_2,val/mae_step_2,val/mape_step_2,val/rmse_step_3,val/mae_step_3,val/mape_step_3,val/rmse_step_4,val/mae_step_4,val/mape_step_4,val/rmse_step_5,val/mae_step_5,val/mape_step_5,val/rmse_step_6,val/mae_step_6,val/mape_step_6,val/loss
1.5101126432418823,1.6426661014556885,105827.5234375,2.5139949321746826,2.7765631675720215,102383.4453125,3.2285025119781494,3.5703306198120117,119687.984375,4.010652542114258,4.449273586273193,162188.671875,4.3576860427856445,4.867634296417236,177542.28125,4.726856708526611,5.311605453491211,171853.5625,6.535589218139648,1.6403236389160156,1.792073369026184,164180.046875,2.534489870071411,2.74819016456604,222763.734375,3.172504425048828,3.4380953311920166,267933.0625,3.711082696914673,4.016334056854248,276370.0,4.014211177825928,4.376315593719482,304023.59375,4.276772499084473,4.703860282897949,304361.65625,5.830380439758301
