train/rmse_step_1,train/mae_step_1,train/mape_step_1,train/rmse_step_2,train/mae_step_2,train/mape_step_2,train/rmse_step_3,train/mae_step_3,train/mape_step_3,train/rmse_step_4,train/mae_step_4,train/mape_step_4,train/rmse_step_5,train/mae_step_5,train/mape_step_5,train/rmse_step_6,train/mae_step_6,train/mape_step_6,train/loss,val/rmse_step_1,val/mae_step_1,val/mape_step_1,val/rmse_step_2,val/mae_step_2,val/mape_step_2,val/rmse_step_3,val/mae_step_3,val/mape_step_3,val/rmse_step_4,val/mae_step_4,val/mape_step_4,val/rmse_step_5,val/mae_step_5,val/mape_step_5,val/rmse_step_6,val/mae_step_6,val/mape_step_6,val/loss
1.6293753385543823,1.8343901634216309,4462055.5,2.7261431217193604,3.0892796516418457,6733006.0,3.378671407699585,3.7674484252929688,7727531.0,3.9598872661590576,4.353486061096191,8300567.0,4.475992202758789,4.827964782714844,8505051.0,5.016989231109619,5.490045547485352,9498563.0,7.157382011413574,1.5632948875427246,1.7240324020385742,114325.8515625,2.2325680255889893,2.459599494934082,156205.703125,2.8877382278442383,3.1841068267822266,167453.046875,3.4967877864837646,3.8548431396484375,211031.625,3.7558670043945312,4.1501641273498535,235256.15625,4.000683307647705,4.422905445098877,250608.078125,5.071496486663818
