train/rmse_step_1,train/mae_step_1,train/rmse_step_2,train/mae_step_2,train/rmse_step_3,train/mae_step_3,train/rmse_step_4,train/mae_step_4,train/rmse_step_5,train/mae_step_5,train/rmse_step_6,train/mae_step_6,train/loss,val/rmse_step_1,val/mae_step_1,val/rmse_step_2,val/mae_step_2,val/rmse_step_3,val/mae_step_3,val/rmse_step_4,val/mae_step_4,val/rmse_step_5,val/mae_step_5,val/rmse_step_6,val/mae_step_6,val/loss
0.7834300994873047,0.7952671051025391,0.9954527616500854,1.0432066917419434,1.1852765083312988,1.237766981124878,1.3871997594833374,1.428444743156433,1.5989872217178345,1.6318140029907227,1.7906655073165894,1.8292745351791382,12.17941665649414,0.7490776777267456,0.7846474647521973,1.1210863590240479,1.190035343170166,1.4151767492294312,1.5104438066482544,1.6516786813735962,1.7688781023025513,1.852391004562378,1.9855321645736694,2.032158851623535,2.177523612976074,31.75568199157715
