train/rmse_step_1,train/mae_step_1,train/mape_step_1,train/rmse_step_2,train/mae_step_2,train/mape_step_2,train/rmse_step_3,train/mae_step_3,train/mape_step_3,train/rmse_step_4,train/mae_step_4,train/mape_step_4,train/rmse_step_5,train/mae_step_5,train/mape_step_5,train/rmse_step_6,train/mae_step_6,train/mape_step_6,train/loss,val/rmse_step_1,val/mae_step_1,val/mape_step_1,val/rmse_step_2,val/mae_step_2,val/mape_step_2,val/rmse_step_3,val/mae_step_3,val/mape_step_3,val/rmse_step_4,val/mae_step_4,val/mape_step_4,val/rmse_step_5,val/mae_step_5,val/mape_step_5,val/rmse_step_6,val/mae_step_6,val/mape_step_6,val/loss
1.5085333585739136,1.6656036376953125,3798047.0,2.2446095943450928,2.467413902282715,5649421.5,2.8549792766571045,3.1494812965393066,7193550.0,3.237473249435425,3.6910781860351562,8061314.0,3.643228769302368,4.188142776489258,9511752.0,3.8853185176849365,4.479905605316162,10760252.0,4.679581165313721,1.7203764915466309,1.8903342485427856,148670.9375,2.5600149631500244,2.871690511703491,254445.296875,3.4030182361602783,3.829409599304199,307382.8125,4.089468955993652,4.634584426879883,363335.5,4.48472261428833,5.112628936767578,400044.8125,4.855125904083252,5.575158596038818,426225.53125,7.114402770996094
