train/rmse_step_1,train/mae_step_1,train/mape_step_1,train/rmse_step_2,train/mae_step_2,train/mape_step_2,train/rmse_step_3,train/mae_step_3,train/mape_step_3,train/rmse_step_4,train/mae_step_4,train/mape_step_4,train/rmse_step_5,train/mae_step_5,train/mape_step_5,train/rmse_step_6,train/mae_step_6,train/mape_step_6,train/loss,val/rmse_step_1,val/mae_step_1,val/mape_step_1,val/rmse_step_2,val/mae_step_2,val/mape_step_2,val/rmse_step_3,val/mae_step_3,val/mape_step_3,val/rmse_step_4,val/mae_step_4,val/mape_step_4,val/rmse_step_5,val/mae_step_5,val/mape_step_5,val/rmse_step_6,val/mae_step_6,val/mape_step_6,val/loss
1.7830442190170288,1.960465908050537,5160939.0,2.6169252395629883,2.858591079711914,7475431.0,3.7191505432128906,4.036399841308594,10479348.0,4.452245712280273,4.785032272338867,13354612.0,4.931292533874512,5.384232997894287,14497347.0,5.365354537963867,5.9125165939331055,15742398.0,8.036192893981934,1.6283454895019531,1.7868894338607788,188025.265625,2.41723370552063,2.6760199069976807,215129.4375,3.122270345687866,3.437220335006714,275968.53125,3.663193464279175,4.042450428009033,311251.25,4.186697483062744,4.642632484436035,337582.71875,4.64257287979126,5.184057712554932,371163.46875,6.191491603851318
