train/rmse_step_1,train/mae_step_1,train/mape_step_1,train/loss,val/rmse_step_1,val/mae_step_1,val/mape_step_1,val/loss
1.7239831686019897,1.8974906206130981,1057354.25,0.26001015305519104,1.9806945323944092,2.194622039794922,189065.28125,0.33880898356437683
