train/rmse_step_1,train/mae_step_1,train/mape_step_1,train/loss,val/rmse_step_1,val/mae_step_1,val/mape_step_1,val/loss
4.472374439239502,4.994841575622559,307.1300964355469,1.6796661615371704,4.408310890197754,4.924225330352783,374859.5625,1.63162362575531
