train/rmse_step_1,train/mae_step_1,train/mape_step_1,train/rmse_step_2,train/mae_step_2,train/mape_step_2,train/rmse_step_3,train/mae_step_3,train/mape_step_3,train/rmse_step_4,train/mae_step_4,train/mape_step_4,train/rmse_step_5,train/mae_step_5,train/mape_step_5,train/rmse_step_6,train/mae_step_6,train/mape_step_6,train/loss,val/rmse_step_1,val/mae_step_1,val/mape_step_1,val/rmse_step_2,val/mae_step_2,val/mape_step_2,val/rmse_step_3,val/mae_step_3,val/mape_step_3,val/rmse_step_4,val/mae_step_4,val/mape_step_4,val/rmse_step_5,val/mae_step_5,val/mape_step_5,val/rmse_step_6,val/mae_step_6,val/mape_step_6,val/loss
1.5175204277038574,1.690956473350525,275.5263671875,2.385802984237671,2.721360206604004,1325.1346435546875,3.2546911239624023,3.712299346923828,605.21337890625,3.981048345565796,4.521529197692871,815.5444946289062,4.458767890930176,5.126684188842773,796.322509765625,4.881402969360352,5.643982410430908,1121.287353515625,6.83804988861084,1.5315461158752441,1.6791573762893677,151596.46875,2.1907100677490234,2.4018051624298096,171155.234375,2.7349517345428467,3.0015804767608643,212178.765625,3.214353561401367,3.543565273284912,223609.65625,3.588888168334961,3.950606346130371,250374.25,3.8032174110412598,4.197175979614258,255261.21875,4.6004462242126465
