train/rmse_step_1,train/mae_step_1,train/mape_step_1,train/rmse_step_2,train/mae_step_2,train/mape_step_2,train/rmse_step_3,train/mae_step_3,train/mape_step_3,train/rmse_step_4,train/mae_step_4,train/mape_step_4,train/rmse_step_5,train/mae_step_5,train/mape_step_5,train/rmse_step_6,train/mae_step_6,train/mape_step_6,train/loss,val/rmse_step_1,val/mae_step_1,val/mape_step_1,val/rmse_step_2,val/mae_step_2,val/mape_step_2,val/rmse_step_3,val/mae_step_3,val/mape_step_3,val/rmse_step_4,val/mae_step_4,val/mape_step_4,val/rmse_step_5,val/mae_step_5,val/mape_step_5,val/rmse_step_6,val/mae_step_6,val/mape_step_6,val/loss
1.5106399059295654,1.6784824132919312,136352.5625,2.1409616470336914,2.3801519870758057,208678.765625,2.9146199226379395,3.241151809692383,264012.84375,3.473785161972046,3.8671963214874268,308108.1875,3.9235737323760986,4.329026222229004,340487.0,4.406384468078613,4.852458953857422,357723.59375,5.405862331390381,1.7431528568267822,1.9049835205078125,117530.65625,2.443967819213867,2.72023606300354,174547.96875,3.142101287841797,3.5019936561584473,261150.5625,3.544771671295166,4.001468181610107,318863.8125,4.009383678436279,4.5607590675354,371938.28125,4.326290130615234,4.920868873596191,404798.90625,5.808554649353027
