train/rmse_step_1,train/mae_step_1,train/mape_step_1,train/rmse_step_2,train/mae_step_2,train/mape_step_2,train/rmse_step_3,train/mae_step_3,train/mape_step_3,train/rmse_step_4,train/mae_step_4,train/mape_step_4,train/rmse_step_5,train/mae_step_5,train/mape_step_5,train/rmse_step_6,train/mae_step_6,train/mape_step_6,train/loss,val/rmse_step_1,val/mae_step_1,val/mape_step_1,val/rmse_step_2,val/mae_step_2,val/mape_step_2,val/rmse_step_3,val/mae_step_3,val/mape_step_3,val/rmse_step_4,val/mae_step_4,val/mape_step_4,val/rmse_step_5,val/mae_step_5,val/mape_step_5,val/rmse_step_6,val/mae_step_6,val/mape_step_6,val/loss
1.6115212440490723,1.7690340280532837,253.89476013183594,2.3257367610931396,2.646881580352783,463.2577819824219,2.8347246646881104,3.2354648113250732,558.9803466796875,3.254908800125122,3.7309787273406982,538.4863891601562,3.4402658939361572,3.915882110595703,656.2147216796875,3.7120285034179688,4.232087135314941,1150.978515625,4.637405872344971,1.6284209489822388,1.7646549940109253,191222.796875,2.13808274269104,2.3298163414001465,148340.203125,2.68029522895813,2.9178104400634766,215538.328125,3.0687599182128906,3.364473581314087,257134.375,3.3289451599121094,3.6666629314422607,270369.34375,3.594125747680664,3.9676239490509033,273879.1875,4.207632541656494
