train/rmse_step_1,train/mae_step_1,train/mape_step_1,train/rmse_step_2,train/mae_step_2,train/mape_step_2,train/rmse_step_3,train/mae_step_3,train/mape_step_3,train/rmse_step_4,train/mae_step_4,train/mape_step_4,train/rmse_step_5,train/mae_step_5,train/mape_step_5,train/rmse_step_6,train/mae_step_6,train/mape_step_6,train/loss,val/rmse_step_1,val/mae_step_1,val/mape_step_1,val/rmse_step_2,val/mae_step_2,val/mape_step_2,val/rmse_step_3,val/mae_step_3,val/mape_step_3,val/rmse_step_4,val/mae_step_4,val/mape_step_4,val/rmse_step_5,val/mae_step_5,val/mape_step_5,val/rmse_step_6,val/mae_step_6,val/mape_step_6,val/loss
1.5346050262451172,1.658246636390686,760052.875,1.9430209398269653,2.1153488159179688,946421.0,2.506938934326172,2.7100348472595215,1195842.0,2.8352956771850586,3.0748209953308105,1287508.25,3.03302001953125,3.258493423461914,1282052.5,3.3571455478668213,3.5664401054382324,1331667.25,3.5221986770629883,1.5792382955551147,1.729529619216919,144147.90625,2.10697865486145,2.314382553100586,216292.65625,2.6683948040008545,2.9416542053222656,294206.34375,2.972259998321533,3.267190933227539,288250.4375,3.2778170108795166,3.5976786613464355,289733.625,3.611886501312256,3.9805400371551514,316444.4375,4.1209588050842285
