val/rmse_step_1,val/mae_step_1,val/mape_step_1,val/rmse_step_2,val/mae_step_2,val/mape_step_2,val/rmse_step_3,val/mae_step_3,val/mape_step_3,val/rmse_step_4,val/mae_step_4,val/mape_step_4,val/loss
2.263841152191162,2.2161448001861572,243.2196044921875,3.354743480682373,3.2449865341186523,356.68389892578125,4.4001617431640625,4.454036712646484,382.2613525390625,5.145086288452148,5.249149322509766,565.7096557617188,62.428504943847656
