train/rmse_step_1,train/mae_step_1,train/mape_step_1,train/loss,val/rmse_step_1,val/mae_step_1,val/mape_step_1,val/loss
2.044113874435425,2.2830898761749268,414.2353515625,0.3638850748538971,2.2220845222473145,2.5179367065429688,230335.71875,0.43536099791526794
