train/rmse_step_1,train/mae_step_1,train/mape_step_1,train/loss,val/rmse_step_1,val/mae_step_1,val/mape_step_1,val/loss
2.030734062194824,2.2749147415161133,301.6319274902344,0.35968127846717834,1.8310346603393555,2.01829195022583,165903.53125,0.2914902865886688
