train/rmse_step_1,train/mae_step_1,train/mape_step_1,train/rmse_step_2,train/mae_step_2,train/mape_step_2,train/rmse_step_3,train/mae_step_3,train/mape_step_3,train/rmse_step_4,train/mae_step_4,train/mape_step_4,train/rmse_step_5,train/mae_step_5,train/mape_step_5,train/rmse_step_6,train/mae_step_6,train/mape_step_6,train/loss,val/rmse_step_1,val/mae_step_1,val/mape_step_1,val/rmse_step_2,val/mae_step_2,val/mape_step_2,val/rmse_step_3,val/mae_step_3,val/mape_step_3,val/rmse_step_4,val/mae_step_4,val/mape_step_4,val/rmse_step_5,val/mae_step_5,val/mape_step_5,val/rmse_step_6,val/mae_step_6,val/mape_step_6,val/loss
1.5361818075180054,1.7310529947280884,622379.875,2.1261978149414062,2.4070119857788086,745781.8125,2.702728748321533,3.1329917907714844,885881.125,3.2163214683532715,3.7500171661376953,1260278.5,3.596055269241333,4.201149940490723,1391347.25,3.9884324073791504,4.6439666748046875,1349190.0,4.711732387542725,1.5587985515594482,1.7221325635910034,116709.8671875,2.2207438945770264,2.4993581771850586,153212.90625,2.9803009033203125,3.3965001106262207,195632.171875,3.534311056137085,4.075257778167725,254627.96875,3.8441901206970215,4.414080619812012,255980.65625,4.112664222717285,4.7008490562438965,268594.0,5.40526008605957
