train/rmse_step_1,train/mae_step_1,train/mape_step_1,train/rmse_step_2,train/mae_step_2,train/mape_step_2,train/rmse_step_3,train/mae_step_3,train/mape_step_3,train/rmse_step_4,train/mae_step_4,train/mape_step_4,train/rmse_step_5,train/mae_step_5,train/mape_step_5,train/rmse_step_6,train/mae_step_6,train/mape_step_6,train/loss,val/rmse_step_1,val/mae_step_1,val/mape_step_1,val/rmse_step_2,val/mae_step_2,val/mape_step_2,val/rmse_step_3,val/mae_step_3,val/mape_step_3,val/rmse_step_4,val/mae_step_4,val/mape_step_4,val/rmse_step_5,val/mae_step_5,val/mape_step_5,val/rmse_step_6,val/mae_step_6,val/mape_step_6,val/loss
1.7254542112350464,1.8095190525054932,86614.3828125,2.38450288772583,2.4613285064697266,120524.765625,2.8984622955322266,3.0087380409240723,135680.71875,3.3707468509674072,3.5833287239074707,166434.234375,3.6162490844726562,3.8646888732910156,183553.125,3.933326244354248,4.2290544509887695,152067.890625,4.937413692474365,1.8604267835617065,2.0543603897094727,149686.53125,2.598052740097046,2.9533026218414307,237174.921875,3.387066125869751,3.88106369972229,341953.875,3.9866373538970947,4.587753772735596,421689.875,4.4838080406188965,5.157698631286621,452818.3125,4.992035388946533,5.756191253662109,522242.40625,7.245863914489746
