train/rmse_step_1,train/mae_step_1,train/mape_step_1,train/rmse_step_2,train/mae_step_2,train/mape_step_2,train/rmse_step_3,train/mae_step_3,train/mape_step_3,train/rmse_step_4,train/mae_step_4,train/mape_step_4,train/rmse_step_5,train/mae_step_5,train/mape_step_5,train/rmse_step_6,train/mae_step_6,train/mape_step_6,train/loss,val/rmse_step_1,val/mae_step_1,val/mape_step_1,val/rmse_step_2,val/mae_step_2,val/mape_step_2,val/rmse_step_3,val/mae_step_3,val/mape_step_3,val/rmse_step_4,val/mae_step_4,val/mape_step_4,val/rmse_step_5,val/mae_step_5,val/mape_step_5,val/rmse_step_6,val/mae_step_6,val/mape_step_6,val/loss
1.4202001094818115,1.5710244178771973,192.6421356201172,1.851483702659607,2.0379586219787598,311.6468505859375,2.2366557121276855,2.452303171157837,304.168701171875,2.5448124408721924,2.836817741394043,376.778076171875,2.7952916622161865,3.128641366958618,466.1805114746094,3.0599889755249023,3.463134765625,467.47015380859375,2.956028938293457,1.563206672668457,1.7154356241226196,159892.375,2.0601391792297363,2.26422381401062,167943.8125,2.585521936416626,2.845133066177368,175547.421875,2.9130895137786865,3.2244627475738525,208164.015625,3.1951801776885986,3.5288100242614746,205531.9375,3.500035524368286,3.874297857284546,222348.828125,3.936405897140503
