train/rmse_step_1,train/mae_step_1,train/mape_step_1,train/rmse_step_2,train/mae_step_2,train/mape_step_2,train/rmse_step_3,train/mae_step_3,train/mape_step_3,train/rmse_step_4,train/mae_step_4,train/mape_step_4,train/rmse_step_5,train/mae_step_5,train/mape_step_5,train/rmse_step_6,train/mae_step_6,train/mape_step_6,train/loss,val/rmse_step_1,val/mae_step_1,val/mape_step_1,val/rmse_step_2,val/mae_step_2,val/mape_step_2,val/rmse_step_3,val/mae_step_3,val/mape_step_3,val/rmse_step_4,val/mae_step_4,val/mape_step_4,val/rmse_step_5,val/mae_step_5,val/mape_step_5,val/rmse_step_6,val/mae_step_6,val/mape_step_6,val/loss
1.4798721075057983,1.599985122680664,3733121.5,2.147615432739258,2.331733226776123,5646729.5,2.612905979156494,2.844649314880371,6631376.0,3.145054578781128,3.4534494876861572,8243548.5,3.3053102493286133,3.6239981651306152,8658355.0,3.3143179416656494,3.6645021438598633,8802773.0,3.8630311489105225,1.6141172647476196,1.7758827209472656,191684.359375,2.2431633472442627,2.461566209793091,187367.46875,2.9154703617095947,3.2057368755340576,266535.21875,3.323807716369629,3.646888017654419,301373.15625,3.605266571044922,3.9628329277038574,316856.46875,3.9128880500793457,4.307663917541504,313241.25,4.869032859802246
