train/rmse_step_1,train/mae_step_1,train/mape_step_1,train/loss,val/rmse_step_1,val/mae_step_1,val/mape_step_1,val/loss
2.026867389678955,2.1899070739746094,153.6003875732422,0.3517177700996399,1.9601390361785889,2.185600519180298,197894.234375,0.33619335293769836
