train/rmse_step_1,train/mae_step_1,train/mape_step_1,train/loss,val/rmse_step_1,val/mae_step_1,val/mape_step_1,val/loss
1.9387027025222778,2.116201877593994,10581009.0,0.3163532018661499,2.4856605529785156,2.715475082397461,204489.78125,0.5237353444099426
