val/rmse_step_1,val/mae_step_1,val/mape_step_1,val/loss
1.749377965927124,1.9012985229492188,177.00364685058594,0.26608484983444214
