train/rmse_step_1,train/mae_step_1,train/mape_step_1,train/loss,val/rmse_step_1,val/mae_step_1,val/mape_step_1,val/loss
0.3894021809101105,0.4124705195426941,65.91561126708984,0.2307678461074829,0.6395214796066284,0.6620088815689087,inf,1.1875510215759277
