train/rmse_step_1,train/mae_step_1,train/mape_step_1,train/loss,val/rmse_step_1,val/mae_step_1,val/mape_step_1,val/loss
1.8705309629440308,2.0839591026306152,250.88160705566406,0.3023325204849243,1.9115509986877441,2.1205456256866455,180551.46875,0.3175670802593231
