train/rmse_step_1,train/mae_step_1,train/mape_step_1,train/rmse_step_2,train/mae_step_2,train/mape_step_2,train/rmse_step_3,train/mae_step_3,train/mape_step_3,train/rmse_step_4,train/mae_step_4,train/mape_step_4,train/rmse_step_5,train/mae_step_5,train/mape_step_5,train/rmse_step_6,train/mae_step_6,train/mape_step_6,train/loss,val/rmse_step_1,val/mae_step_1,val/mape_step_1,val/rmse_step_2,val/mae_step_2,val/mape_step_2,val/rmse_step_3,val/mae_step_3,val/mape_step_3,val/rmse_step_4,val/mae_step_4,val/mape_step_4,val/rmse_step_5,val/mae_step_5,val/mape_step_5,val/rmse_step_6,val/mae_step_6,val/mape_step_6,val/loss
1.7050435543060303,1.8955824375152588,183.23712158203125,2.426797389984131,2.7024004459381104,303.898193359375,3.034743309020996,3.3252806663513184,387.3389892578125,3.5466229915618896,3.8750832080841064,723.4947509765625,3.9341564178466797,4.331827163696289,444.3968811035156,4.204870223999023,4.606898307800293,495.2101135253906,5.527143478393555,1.603342890739441,1.7804521322250366,123173.75,2.477431535720825,2.796560049057007,150136.609375,2.9913430213928223,3.3573689460754395,169794.234375,3.6549670696258545,4.165241241455078,229557.0625,3.9505553245544434,4.502957344055176,225795.90625,4.276473045349121,4.888126850128174,250198.328125,5.803013801574707
