train/rmse_step_1,train/mae_step_1,train/mape_step_1,train/loss,val/rmse_step_1,val/mae_step_1,val/mape_step_1,val/loss
0.5101956725120544,0.5697580575942993,85.0563735961914,0.4307272434234619,0.7468537092208862,0.772552490234375,inf,1.4214075803756714
