train/rmse_step_1,train/mae_step_1,train/mape_step_1,train/rmse_step_2,train/mae_step_2,train/mape_step_2,train/rmse_step_3,train/mae_step_3,train/mape_step_3,train/rmse_step_4,train/mae_step_4,train/mape_step_4,train/rmse_step_5,train/mae_step_5,train/mape_step_5,train/rmse_step_6,train/mae_step_6,train/mape_step_6,train/loss,val/rmse_step_1,val/mae_step_1,val/mape_step_1,val/rmse_step_2,val/mae_step_2,val/mape_step_2,val/rmse_step_3,val/mae_step_3,val/mape_step_3,val/rmse_step_4,val/mae_step_4,val/mape_step_4,val/rmse_step_5,val/mae_step_5,val/mape_step_5,val/rmse_step_6,val/mae_step_6,val/mape_step_6,val/loss
1.551193118095398,1.6796045303344727,264.240478515625,2.0053036212921143,2.1815662384033203,226.4568328857422,2.448052167892456,2.6409549713134766,322.8892517089844,2.7201709747314453,2.9526479244232178,505.0595397949219,2.9431021213531494,3.1788997650146484,498.1798095703125,3.3623805046081543,3.6453118324279785,456.3424072265625,3.476095199584961,1.5471738576889038,1.691426157951355,158195.125,2.028977394104004,2.2108054161071777,177057.15625,2.5578582286834717,2.783343553543091,184941.390625,2.9058806896209717,3.1779961585998535,210964.78125,3.2270939350128174,3.535771608352661,195490.0625,3.5083742141723633,3.842320680618286,218355.21875,3.906275510787964
