train/rmse_step_1,train/mae_step_1,train/mape_step_1,train/rmse_step_2,train/mae_step_2,train/mape_step_2,train/rmse_step_3,train/mae_step_3,train/mape_step_3,train/rmse_step_4,train/mae_step_4,train/mape_step_4,train/rmse_step_5,train/mae_step_5,train/mape_step_5,train/rmse_step_6,train/mae_step_6,train/mape_step_6,train/loss,val/rmse_step_1,val/mae_step_1,val/mape_step_1,val/rmse_step_2,val/mae_step_2,val/mape_step_2,val/rmse_step_3,val/mae_step_3,val/mape_step_3,val/rmse_step_4,val/mae_step_4,val/mape_step_4,val/rmse_step_5,val/mae_step_5,val/mape_step_5,val/rmse_step_6,val/mae_step_6,val/mape_step_6,val/loss
1.8285783529281616,1.9534175395965576,4059478.0,2.7533962726593018,2.9656152725219727,6267470.0,3.331076145172119,3.602696418762207,7249774.0,3.736297845840454,4.180415153503418,8761692.0,4.027366638183594,4.494552135467529,9403559.0,4.104581356048584,4.532238960266113,9402105.0,6.132844924926758,1.7308461666107178,1.9538995027542114,170145.21875,2.748788356781006,3.1712429523468018,331628.875,3.6198606491088867,4.212757110595703,419848.03125,4.397980690002441,5.157430648803711,438241.03125,4.9552812576293945,5.841710567474365,499411.0625,5.412164688110352,6.390923976898193,557991.9375,8.67113208770752
