train/rmse_step_1,train/mae_step_1,train/mape_step_1,train/rmse_step_2,train/mae_step_2,train/mape_step_2,train/rmse_step_3,train/mae_step_3,train/mape_step_3,train/rmse_step_4,train/mae_step_4,train/mape_step_4,train/rmse_step_5,train/mae_step_5,train/mape_step_5,train/rmse_step_6,train/mae_step_6,train/mape_step_6,train/loss,val/rmse_step_1,val/mae_step_1,val/mape_step_1,val/rmse_step_2,val/mae_step_2,val/mape_step_2,val/rmse_step_3,val/mae_step_3,val/mape_step_3,val/rmse_step_4,val/mae_step_4,val/mape_step_4,val/rmse_step_5,val/mae_step_5,val/mape_step_5,val/rmse_step_6,val/mae_step_6,val/mape_step_6,val/loss
1.6258788108825684,1.808111310005188,872162.6875,2.4796876907348633,2.7413551807403564,1185490.125,3.3429086208343506,3.7187142372131348,1823937.125,3.776235818862915,4.210793495178223,2068218.75,4.168514251708984,4.678703784942627,2316061.75,4.438503742218018,5.009531021118164,2855743.75,6.140392303466797,1.7918155193328857,1.9866316318511963,147684.765625,2.359934091567993,2.6340696811676025,171782.28125,2.873457193374634,3.2027499675750732,219210.625,3.384310722351074,3.787576675415039,261016.203125,3.6645565032958984,4.116373062133789,280739.59375,3.9006850719451904,4.369287967681885,294323.96875,5.0299763679504395
