train/rmse_step_1,train/mae_step_1,train/mape_step_1,train/loss,val/rmse_step_1,val/mae_step_1,val/mape_step_1,val/loss
2.8864903450012207,3.4970405101776123,17485204.0,0.7268953323364258,4.144834041595459,4.950588703155518,487722.78125,1.4712542295455933
