val/rmse_step_1,val/loss
2.705169200897217,7.319451808929443
