train/rmse_step_1,train/mae_step_1,train/mape_step_1,train/rmse_step_2,train/mae_step_2,train/mape_step_2,train/rmse_step_3,train/mae_step_3,train/mape_step_3,train/rmse_step_4,train/mae_step_4,train/mape_step_4,train/rmse_step_5,train/mae_step_5,train/mape_step_5,train/rmse_step_6,train/mae_step_6,train/mape_step_6,train/loss,val/rmse_step_1,val/mae_step_1,val/mape_step_1,val/rmse_step_2,val/mae_step_2,val/mape_step_2,val/rmse_step_3,val/mae_step_3,val/mape_step_3,val/rmse_step_4,val/mae_step_4,val/mape_step_4,val/rmse_step_5,val/mae_step_5,val/mape_step_5,val/rmse_step_6,val/mae_step_6,val/mape_step_6,val/loss
1.5638148784637451,1.7644604444503784,336.92999267578125,1.8196303844451904,2.0483622550964355,749.9891357421875,2.4355578422546387,2.723644256591797,309.27716064453125,2.849292278289795,3.2096283435821533,684.0733642578125,3.290639638900757,3.646341323852539,702.0639038085938,3.6534245014190674,4.072300434112549,921.225341796875,3.7901718616485596,1.6667344570159912,1.817244529724121,164471.828125,2.2599024772644043,2.4677841663360596,167218.75,2.8146166801452637,3.0792696475982666,210615.796875,3.2323379516601562,3.5643322467803955,258077.71875,3.5444085597991943,3.9273455142974854,246025.734375,3.7874858379364014,4.207332611083984,244500.625,4.639037132263184
