train/rmse_step_1,train/mae_step_1,train/mape_step_1,train/rmse_step_2,train/mae_step_2,train/mape_step_2,train/rmse_step_3,train/mae_step_3,train/mape_step_3,train/rmse_step_4,train/mae_step_4,train/mape_step_4,train/rmse_step_5,train/mae_step_5,train/mape_step_5,train/rmse_step_6,train/mae_step_6,train/mape_step_6,train/loss,val/rmse_step_1,val/mae_step_1,val/mape_step_1,val/rmse_step_2,val/mae_step_2,val/mape_step_2,val/rmse_step_3,val/mae_step_3,val/mape_step_3,val/rmse_step_4,val/mae_step_4,val/mape_step_4,val/rmse_step_5,val/mae_step_5,val/mape_step_5,val/rmse_step_6,val/mae_step_6,val/mape_step_6,val/loss
1.7107776403427124,1.8907899856567383,1556584.5,2.627985954284668,2.9189887046813965,2694829.75,3.322946310043335,3.7261810302734375,3138657.75,3.9721155166625977,4.507494926452637,3995377.25,4.19772481918335,4.748967170715332,4224042.0,4.595186233520508,5.200074672698975,4146479.0,6.447956085205078,1.5878363847732544,1.7362898588180542,179484.28125,2.165553331375122,2.3694987297058105,146959.375,2.706143856048584,2.9633262157440186,205560.75,3.1522107124328613,3.472869873046875,222928.859375,3.41593861579895,3.775681495666504,253942.078125,3.6703579425811768,4.069009304046631,285703.8125,4.358057975769043
