train/rmse_step_1,train/mae_step_1,train/mape_step_1,train/rmse_step_2,train/mae_step_2,train/mape_step_2,train/rmse_step_3,train/mae_step_3,train/mape_step_3,train/rmse_step_4,train/mae_step_4,train/mape_step_4,train/rmse_step_5,train/mae_step_5,train/mape_step_5,train/rmse_step_6,train/mae_step_6,train/mape_step_6,train/loss,val/rmse_step_1,val/mae_step_1,val/mape_step_1,val/rmse_step_2,val/mae_step_2,val/mape_step_2,val/rmse_step_3,val/mae_step_3,val/mape_step_3,val/rmse_step_4,val/mae_step_4,val/mape_step_4,val/rmse_step_5,val/mae_step_5,val/mape_step_5,val/rmse_step_6,val/mae_step_6,val/mape_step_6,val/loss
1.5250238180160522,1.7105079889297485,244.01345825195312,2.0025975704193115,2.260988712310791,391.79095458984375,2.666153907775879,2.946626663208008,1036.0203857421875,3.046029806137085,3.414555311203003,614.3993530273438,3.385338068008423,3.82566499710083,553.134033203125,3.6632211208343506,4.129666328430176,563.5226440429688,4.126643180847168,1.5740768909454346,1.7282919883728027,139444.515625,2.0988001823425293,2.3097074031829834,192016.953125,2.6598217487335205,2.932711124420166,232457.28125,3.055598258972168,3.3699097633361816,257681.96875,3.4021999835968018,3.760742425918579,256042.953125,3.731506824493408,4.107694149017334,281046.34375,4.295997142791748
