train/rmse_step_1,train/mae_step_1,train/mape_step_1,train/rmse_step_2,train/mae_step_2,train/mape_step_2,train/rmse_step_3,train/mae_step_3,train/mape_step_3,train/rmse_step_4,train/mae_step_4,train/mape_step_4,train/rmse_step_5,train/mae_step_5,train/mape_step_5,train/rmse_step_6,train/mae_step_6,train/mape_step_6,train/loss,val/rmse_step_1,val/mae_step_1,val/mape_step_1,val/rmse_step_2,val/mae_step_2,val/mape_step_2,val/rmse_step_3,val/mae_step_3,val/mape_step_3,val/rmse_step_4,val/mae_step_4,val/mape_step_4,val/rmse_step_5,val/mae_step_5,val/mape_step_5,val/rmse_step_6,val/mae_step_6,val/mape_step_6,val/loss
1.6853258609771729,1.8246177434921265,268.1990661621094,2.650200128555298,2.9227705001831055,766.8221435546875,3.440480947494507,3.8312273025512695,1655.260498046875,4.3358612060546875,4.89349365234375,645.8842163085938,5.044527053833008,5.674707412719727,670.01513671875,5.708649158477783,6.34541130065918,1751.4034423828125,8.224761962890625,2.2480268478393555,2.4583003520965576,145540.21875,3.733177661895752,4.171176910400391,285337.125,4.947567939758301,5.5383453369140625,450295.875,6.101857662200928,6.890307903289795,576309.9375,6.961602687835693,7.877896308898926,724881.5,7.774441242218018,8.773344993591309,812997.6875,15.880125999450684
