train/rmse_step_1,train/mae_step_1,train/mape_step_1,train/loss,val/rmse_step_1,val/mae_step_1,val/mape_step_1,val/loss
3.836531639099121,4.239768981933594,1356.7689208984375,1.2354748249053955,3.6800284385681152,4.231233596801758,347764.09375,1.1553306579589844
