train/rmse_step_1,train/mae_step_1,train/mape_step_1,train/rmse_step_2,train/mae_step_2,train/mape_step_2,train/rmse_step_3,train/mae_step_3,train/mape_step_3,train/rmse_step_4,train/mae_step_4,train/mape_step_4,train/rmse_step_5,train/mae_step_5,train/mape_step_5,train/rmse_step_6,train/mae_step_6,train/mape_step_6,train/loss,val/rmse_step_1,val/mae_step_1,val/mape_step_1,val/rmse_step_2,val/mae_step_2,val/mape_step_2,val/rmse_step_3,val/mae_step_3,val/mape_step_3,val/rmse_step_4,val/mae_step_4,val/mape_step_4,val/rmse_step_5,val/mae_step_5,val/mape_step_5,val/rmse_step_6,val/mae_step_6,val/mape_step_6,val/loss
1.8208280801773071,1.946485996246338,127.79359436035156,2.5445003509521484,2.7211289405822754,248.70758056640625,3.1632893085479736,3.412623405456543,274.2608947753906,3.6110494136810303,3.9165382385253906,204.65846252441406,4.094671726226807,4.40988826751709,348.4645690917969,4.384860515594482,4.749567031860352,275.83319091796875,5.976393699645996,1.598783254623413,1.7512048482894897,120871.5703125,2.1284420490264893,2.3390989303588867,172890.890625,2.661073684692383,2.921400308609009,234073.546875,3.047142744064331,3.3504178524017334,256407.234375,3.3392014503479004,3.6692490577697754,264118.03125,3.6853628158569336,4.047992706298828,284858.84375,4.236517429351807
