train/rmse_step_1,train/mae_step_1,train/mape_step_1,train/loss,val/rmse_step_1,val/mae_step_1,val/mape_step_1,val/loss
0.4505341351032257,0.48735788464546204,112.51292419433594,0.44441133737564087,0.6286351084709167,0.6505918502807617,inf,1.15615975856781
