train/rmse_step_1,train/mae_step_1,train/mape_step_1,train/rmse_step_2,train/mae_step_2,train/mape_step_2,train/rmse_step_3,train/mae_step_3,train/mape_step_3,train/rmse_step_4,train/mae_step_4,train/mape_step_4,train/rmse_step_5,train/mae_step_5,train/mape_step_5,train/rmse_step_6,train/mae_step_6,train/mape_step_6,train/loss,val/rmse_step_1,val/mae_step_1,val/mape_step_1,val/rmse_step_2,val/mae_step_2,val/mape_step_2,val/rmse_step_3,val/mae_step_3,val/mape_step_3,val/rmse_step_4,val/mae_step_4,val/mape_step_4,val/rmse_step_5,val/mae_step_5,val/mape_step_5,val/rmse_step_6,val/mae_step_6,val/mape_step_6,val/loss
1.6102522611618042,1.814353585243225,160.40362548828125,2.161182165145874,2.427610397338867,192.71841430664062,2.668868064880371,2.990410566329956,340.4594421386719,3.000192880630493,3.3757967948913574,403.5887145996094,3.3847429752349854,3.8165383338928223,369.569580078125,3.6319615840911865,4.064523696899414,4414.603515625,4.219738960266113,1.5441268682479858,1.6864731311798096,162524.5,2.019456624984741,2.205113649368286,151295.609375,2.535083055496216,2.7575910091400146,139327.0625,2.882188558578491,3.1636717319488525,163374.8125,3.200190305709839,3.5229029655456543,168390.375,3.4813337326049805,3.837351083755493,195320.96875,3.850780725479126
